"record_id","rrid","donorage","donorsex","donationtype","donorheight","donorweight","bodymassindex","hba1c","hlaa","hlab","hlabw","hlac","hlacw","hladrb1","hladr","hladqb1","hladqa1","hladpb1","dpa1","hlaother","T1_diabetes","T2_diabetes","hla_a2","diagnosis","diagnosis_computed","percentieqrecoverypostculture","pdisletparticleindex","pdinsulinperieq","pdinsulindnaratio","predistributionculturetime","totalieqpredistribution","pdinsulincontent"
"R001","SAMN41425352",37,"Male","NDD",1.8,82,25.3,7.4,NA,NA,NA,NA,NA,NA,NA,NA,NA,NA,NA,NA,"0","1",NA,"Type2","Type2",NA,NA,NA,NA,NA,NA,0
"R002","SAMN41425353",0.19,"Female","NDD",0.595,4.5,12.7,5.2,NA,NA,NA,NA,NA,NA,NA,NA,NA,NA,NA,NA,"0","0",NA,"None","None",NA,NA,NA,NA,19,NA,0
"R003","SAMN41425354",74,"Male","NDD",1.8,84,25.9,NA,NA,NA,NA,NA,NA,NA,NA,NA,NA,NA,NA,NA,"0","0",NA,"None","None",NA,NA,NA,NA,19,NA,0
"R004","SAMN41425355",0.33,"Male","NDD",0.64,6,14.6484375,NA,NA,NA,NA,NA,NA,NA,NA,NA,NA,NA,NA,NA,"0","0",NA,"None","None",NA,NA,NA,NA,NA,NA,0
"R005","SAMN41425356",1.58,"Female","NDD",0.84,14,19.8412698412698,NA,NA,NA,NA,NA,NA,NA,NA,NA,NA,NA,NA,NA,"0","0",NA,"None","None",NA,NA,NA,NA,32,NA,0
"R006","SAMN41425357",55,"Female","NDD",1.62,94.4,36,NA,NA,NA,NA,NA,NA,NA,NA,NA,NA,NA,NA,NA,"0","0",NA,"None","None",NA,NA,NA,NA,30,NA,0
"R007","SAMN41425358",75,"Male","NDD",1.74,106.4,35.1,NA,NA,NA,NA,NA,NA,NA,NA,NA,NA,NA,NA,NA,"0","0",NA,"None","None",NA,NA,NA,NA,3,NA,0
"R008","SAMN41425359",60,"Male","NDD",1.85,80,23.4,5.7,NA,NA,NA,NA,NA,NA,NA,NA,NA,NA,NA,NA,"0","0",NA,"None","None",NA,NA,NA,NA,13,NA,0
"R009","SAMN41425360",47,"Male","NDD",1.75,65,21.2244897959184,6,NA,NA,NA,NA,NA,NA,NA,NA,NA,NA,NA,NA,"0","0",NA,"None","Pre.T2D",NA,NA,NA,NA,39,NA,0
"R010","SAMN41425361",55,"Female","NDD",1.73,70,23.4,NA,NA,NA,NA,NA,NA,NA,NA,NA,NA,NA,NA,NA,"0","0",NA,"None","None",NA,NA,NA,NA,40,NA,0
"R011","SAMN41425362",55,"Male","NDD",1.87,103,29.5,NA,NA,NA,NA,NA,NA,NA,NA,NA,NA,NA,NA,NA,"0","0",NA,"None","None",NA,NA,NA,NA,18,NA,0
"R012","SAMN41425363",68,"Male","NDD",1.83,100,29.8605512257756,6.2,NA,NA,NA,NA,NA,NA,NA,NA,NA,NA,NA,NA,"0","0",NA,"None","Pre.T2D",NA,NA,NA,NA,17,NA,0
"R013","SAMN41425364",68,"Male","NDD",1.67,75,26.9,6.6,NA,NA,NA,NA,NA,NA,NA,NA,NA,NA,NA,NA,"0","0",NA,"None","Type2",NA,NA,NA,NA,75,NA,0
"R014","SAMN41425365",45,"Male","NDD",1.8,95,29.320987654321,6.1,NA,NA,NA,NA,NA,NA,NA,NA,NA,NA,NA,NA,"0","0",NA,"None","Pre.T2D",NA,NA,NA,NA,19,NA,0
"R016","SAMN41425367",68,"Male","NDD",1.83,91.3,27.2626832691331,NA,NA,NA,NA,NA,NA,NA,NA,NA,NA,NA,NA,NA,"0","0",NA,"None","None",NA,NA,NA,NA,9,NA,0
"R017","SAMN41425368",59,"Male","NDD",1.65,70,25.7,NA,NA,NA,NA,NA,NA,NA,NA,NA,NA,NA,NA,NA,"0","1",NA,"Type2","Type2",NA,NA,NA,NA,63,NA,0
"R018","SAMN41425369",76,"Male","NDD",1.85,88,25.7121986851717,7.4,NA,NA,NA,NA,NA,NA,NA,NA,NA,NA,NA,NA,"0","0",NA,"None","Type2",NA,NA,NA,NA,63,NA,0
"R019","SAMN41425370",57,"Female","NDD",1.67,100,35.8564308508731,NA,NA,NA,NA,NA,NA,NA,NA,NA,NA,NA,NA,NA,"0","0",NA,"None","None",NA,NA,NA,NA,43,NA,0
"R020","SAMN41425371",74,"Male","NDD",1.8,87.4,26.9753086419753,NA,NA,NA,NA,NA,NA,NA,NA,NA,NA,NA,NA,NA,"0","0",NA,"None","None",NA,NA,NA,NA,53,NA,0
"R021","SAMN41425372",58,"Male","NDD",1.68,80,28.3446712018141,NA,NA,NA,NA,NA,NA,NA,NA,NA,NA,NA,NA,NA,"0","0",NA,"None","None",NA,NA,NA,NA,17,NA,0
"R022","SAMN41425373",48,"Female","NDD",1.68,50.8,17.9988662131519,NA,NA,NA,NA,NA,NA,NA,NA,NA,NA,NA,NA,NA,"0","0",NA,"None","None",NA,NA,NA,NA,68,NA,0
"R023","SAMN41425374",65,"Male","NDD",1.93,109,29.2625305377326,8.3,NA,NA,NA,NA,NA,NA,NA,NA,NA,NA,NA,NA,"0","1",NA,"Type2","Type2",NA,NA,NA,NA,NA,NA,0
"R024","SAMN41425375",52,"Female","NDD",1.79,93,29,NA,NA,NA,NA,NA,NA,NA,NA,NA,NA,NA,NA,NA,"0","1",NA,"Type2","Type2",NA,NA,NA,NA,17,NA,0
"R025","SAMN41425376",58,"Male","NDD",1.85,85,24.8,NA,NA,NA,NA,NA,NA,NA,NA,NA,NA,NA,NA,NA,"0","0",NA,"None","None",NA,NA,NA,NA,12,NA,0
"R026","SAMN41425377",68,"Female","NDD",1.67,79.5,28.5,5.3,NA,NA,NA,NA,NA,NA,NA,NA,NA,NA,NA,NA,"0","0",NA,"None","None",NA,NA,NA,NA,36,NA,0
"R027","SAMN41425378",49,"Female","NDD",1.66,67,24.3141239657425,NA,NA,NA,NA,NA,NA,NA,NA,NA,NA,NA,NA,NA,"0","0",NA,"None","None",NA,NA,NA,NA,65,NA,0
"R028","SAMN41425379",45,"Male","NDD",1.76,80,25.8264462809917,6.3,NA,NA,NA,NA,NA,NA,NA,NA,NA,NA,NA,NA,"0","0",NA,"None","Pre.T2D",NA,NA,NA,NA,45,NA,0
"R029","SAMN41425380",33,"Female","NDD",1.6,70,27.34375,NA,NA,NA,NA,NA,NA,NA,NA,NA,NA,NA,NA,NA,"0","0",NA,"None","None",NA,NA,NA,NA,NA,NA,0
"R030","SAMN41425381",80,"Female","NDD",1.67,61,21.8724228190326,NA,NA,NA,NA,NA,NA,NA,NA,NA,NA,NA,NA,NA,"0","0",NA,"None","None",NA,NA,NA,NA,18,NA,0
"R031","SAMN41425382",54,"Male","NDD",1.77,94,30,7.2,NA,NA,NA,NA,NA,NA,NA,NA,NA,NA,NA,NA,"0","1",NA,"Type2","Type2",NA,NA,NA,NA,35,NA,0
"R032","SAMN41425383",36,"Male","DCD",1.62,68,25.9106843468983,NA,NA,NA,NA,NA,NA,NA,NA,NA,NA,NA,NA,NA,"0","0",NA,"None","None",NA,NA,NA,NA,18,NA,0
"R033","SAMN41425384",10,"Female","NDD",1.22,25,16.7965600644988,NA,NA,NA,NA,NA,NA,NA,NA,NA,NA,NA,NA,NA,"0","0",NA,"None","None",NA,NA,NA,NA,9,NA,0
"R034","SAMN41425385",76,"Female","NDD",1.55,57,23.7,6.2,NA,NA,NA,NA,NA,NA,NA,NA,NA,NA,NA,NA,"0","0",NA,"None","Pre.T2D",NA,NA,NA,NA,9,NA,0
"R036","SAMN41425387",42,"Male","NDD",1.8,75,23.1481481481481,NA,NA,NA,NA,NA,NA,NA,NA,NA,NA,NA,NA,NA,"0","0",NA,"None","None",NA,NA,NA,NA,34,NA,0
"R037","SAMN41425388",48,"Male","NDD",1.7,95,32.9,NA,NA,NA,NA,NA,NA,NA,NA,NA,NA,NA,NA,NA,"0","0",NA,"None","None",NA,NA,NA,NA,18,NA,0
"R038","SAMN41425389",51,"Male","DCD",1.95,117,30.7692307692308,NA,NA,NA,NA,NA,NA,NA,NA,NA,NA,NA,NA,NA,"0","0",NA,"None","None",NA,NA,NA,NA,54,NA,0
"R039","SAMN41425390",46,"Male","NDD",1.74,109,36.0021138855859,5.9,NA,NA,NA,NA,NA,NA,NA,NA,NA,NA,NA,NA,"0","0",NA,"None","Pre.T2D",NA,NA,NA,NA,NA,NA,0
"R040","SAMN41425391",50,"Female","DCD",1.7,80,27.7,5.9,NA,NA,NA,NA,NA,NA,NA,NA,NA,NA,NA,NA,"0","0",NA,"None","Pre.T2D",NA,NA,NA,NA,40,NA,0
"R041","SAMN41425392",30,"Female","NDD",1.8,50,15.4,5.7,NA,NA,NA,NA,NA,NA,NA,NA,NA,NA,NA,NA,"0","0",NA,"None","None",NA,NA,NA,NA,16,NA,0
"R042","SAMN41425393",44,"Male","NDD",1.77,110,35.1112387883431,NA,NA,NA,NA,NA,NA,NA,NA,NA,NA,NA,NA,NA,"0","0",NA,"None","None",NA,NA,NA,NA,18,NA,0
"R043","SAMN41425394",60,"Female","NDD",1.71,65.8,22.5026503881536,NA,NA,NA,NA,NA,NA,NA,NA,NA,NA,NA,NA,NA,"0","0",NA,"None","None",NA,NA,NA,NA,66,NA,0
"R044","SAMN41425395",38,"Male","NDD",1.8,80,24.6913580246914,5.9,NA,NA,NA,NA,NA,NA,NA,NA,NA,NA,NA,NA,"0","0",NA,"None","Pre.T2D",NA,NA,NA,NA,18,NA,0
"R045","SAMN41425396",27,"Female","NDD",1.52,45,19.5,5.2,NA,NA,NA,NA,NA,NA,NA,NA,NA,NA,NA,NA,"0","0",NA,"None","None",NA,NA,NA,NA,NA,NA,0
"R046","SAMN41425397",65,"Female","NDD",1.65,50,18.3654729109275,NA,NA,NA,NA,NA,NA,NA,NA,NA,NA,NA,NA,NA,"0","1",NA,"Type2","Type2",NA,NA,NA,NA,NA,NA,0
"R047","SAMN41425398",56,"Female","NDD",1.63,85,31.9921713274869,NA,NA,NA,NA,NA,NA,NA,NA,NA,NA,NA,NA,NA,"0","0",NA,"None","None",NA,NA,NA,NA,18,NA,0
"R048","SAMN41425399",65,"Male","NDD",1.78,76,23.9868703446535,7.2,NA,NA,NA,NA,NA,NA,NA,NA,NA,NA,NA,NA,"0","0",NA,"None","Type2",NA,NA,NA,NA,NA,NA,0
"R049","SAMN41425400",79,"Male","NDD",1.72,63,21.295294753921,NA,NA,NA,NA,NA,NA,NA,NA,NA,NA,NA,NA,NA,"0","0",NA,"None","None",NA,NA,NA,NA,18,NA,0
"R050","SAMN41425401",72,"Female","NDD",1.45,85,40.4280618311534,5.8,NA,NA,NA,NA,NA,NA,NA,NA,NA,NA,NA,NA,"0","0",NA,"None","Pre.T2D",NA,NA,NA,NA,42,NA,0
"R051","SAMN41425402",73,"Male","NDD",1.7,68.5,23.7,5.7,NA,NA,NA,NA,NA,NA,NA,NA,NA,NA,NA,NA,"0","0",NA,"None","None",NA,NA,NA,NA,60,NA,0
"R052","SAMN41425403",48,"Male","NDD",1.9,105,29.1,NA,NA,NA,NA,NA,NA,NA,NA,NA,NA,NA,NA,NA,"0","0",NA,"None","None",NA,NA,NA,NA,40,NA,0
"R053","SAMN41425404",48,"Male","NDD",1.84,81,23.9,5.2,NA,NA,NA,NA,NA,NA,NA,NA,NA,NA,NA,NA,"0","0",NA,"None","None",NA,NA,NA,NA,18,NA,0
"R054","SAMN41425405",73,"Female","NDD",1.65,61,22.4,6.1,NA,NA,NA,NA,NA,NA,NA,NA,NA,NA,NA,NA,"0","1",NA,"Type2","Type2",NA,NA,NA,NA,60,NA,0
"R055","SAMN41425406",67,"Female","NDD",1.64,69,25.7,6,NA,NA,NA,NA,NA,NA,NA,NA,NA,NA,NA,NA,"0","0",NA,"None","Pre.T2D",NA,NA,NA,1.54,18,NA,155.02
"R056","SAMN41425407",33,"Male","NDD",1.82,95,28.7,4.8,NA,NA,NA,NA,NA,NA,NA,NA,NA,NA,NA,NA,"0","0",NA,"None","None",NA,NA,NA,NA,13,NA,0
"R057","SAMN41425408",53,"Female","NDD",1.6,91,35.5,10.3,NA,NA,NA,NA,NA,NA,NA,NA,NA,NA,NA,NA,"0","1",NA,"Type2","Type2",NA,NA,NA,NA,90,NA,0
"R058","SAMN41425409",79,"Female","NDD",1.52,55,23.8,5.8,NA,NA,NA,NA,NA,NA,NA,NA,NA,NA,NA,NA,"0","0",NA,"None","Pre.T2D",NA,NA,NA,0.69,50,NA,151.36
"R059","SAMN41425410",68,"Female","NDD",1.5,63.2,28.1,NA,NA,NA,NA,NA,NA,NA,NA,NA,NA,NA,NA,NA,"0","1",NA,"Type2","Type2",NA,NA,NA,0.77,36,NA,160.7
"R060","SAMN41425411",54,"Female","NDD",1.7,61,21.1072664359862,5.8,NA,NA,NA,NA,NA,NA,NA,NA,NA,NA,NA,NA,"0","0",NA,"None","Pre.T2D",NA,NA,NA,3.5,64,NA,1204.74
"R061","SAMN41425412",63,"Male","NDD",1.75,115,37.6,5.7,NA,NA,NA,NA,NA,NA,NA,NA,NA,NA,NA,NA,"0","0",NA,"None","None",NA,NA,NA,1.37,NA,NA,1115.67
"R062","SAMN41425413",41,"Male","NDD",1.83,65.9,19.6781032577861,5.2,NA,NA,NA,NA,NA,NA,NA,NA,NA,NA,NA,NA,"0","0",NA,"None","None",NA,NA,NA,8.25,72,NA,2325.73
"R063","SAMN41425414",57,"Female","NDD",1.53,53.4,22.8,6.1,NA,NA,NA,NA,NA,NA,NA,NA,NA,NA,NA,NA,"0","1",NA,"Type2","Type2",NA,NA,NA,11.8,18,NA,1204.74
"R064","SAMN41425415",36,"Male","NDD",1.6,72,28.1,10.9,NA,NA,NA,NA,NA,NA,NA,NA,NA,NA,NA,NA,"0","1",NA,"Type2","Type2",100,NA,27.86,3.73,16,138436,3856.53
"R065","SAMN41425416",38,"Male","NDD",1.75,91.8,29.9755102040816,NA,NA,NA,NA,NA,NA,NA,NA,NA,NA,NA,NA,NA,"0","0",NA,"None","None",NA,NA,NA,NA,66,NA,750.3
"R066","SAMN41425417",44,"Male","NDD",1.83,108,32.2493953238377,NA,NA,NA,NA,NA,NA,NA,NA,NA,NA,NA,NA,NA,"0","0",NA,"None","None",NA,NA,NA,NA,18,NA,1440.66
"R067","SAMN41425418",60,"Male","DCD",1.7,75,26,5.5,NA,NA,NA,NA,NA,NA,NA,NA,NA,NA,NA,NA,"0","0",NA,"None","None",NA,NA,NA,NA,7,NA,351
"R068","SAMN41425419",45,"Female","NDD",1.5,60.1,26.7,NA,NA,NA,NA,NA,NA,NA,NA,NA,NA,NA,NA,NA,"0","1",NA,"Type2","Type2",NA,NA,NA,NA,NA,NA,0
"R069","SAMN41425420",74,"Female","NDD",1.7,72.5,25.1,NA,NA,NA,NA,NA,NA,NA,NA,NA,NA,NA,NA,NA,"0","0",NA,"None","None",NA,NA,NA,NA,NA,NA,0
"R070","SAMN41425421",33,"Female","NDD",1.69,92,32.2,7.1,NA,NA,NA,NA,NA,NA,NA,NA,NA,NA,NA,NA,"0","0",NA,"None","Type2",NA,NA,NA,NA,NA,NA,0
"R071","SAMN41425422",28,"Male","NDD",1.59,70.2,27.8,6.6,NA,NA,NA,NA,NA,NA,NA,NA,NA,NA,NA,NA,"0","0",NA,"None","Type2",NA,NA,NA,NA,18,NA,0
"R072","SAMN41425423",54,"Female","NDD",1.69,87.5,30.6,7,NA,NA,NA,NA,NA,NA,NA,NA,NA,NA,NA,NA,"0","0",NA,"None","Type2",NA,NA,NA,12.38,11,NA,4765.91
"R073","SAMN41425424",74,"Female","NDD",1.65,77,28.3,7.3,NA,NA,NA,NA,NA,NA,NA,NA,NA,NA,NA,NA,"0","0",NA,"None","Type2",NA,NA,NA,NA,36,NA,0
"R074","SAMN41425425",55,"Male","DCD",1.74,80,26.4,5.5,NA,NA,NA,NA,NA,NA,NA,NA,NA,NA,NA,NA,"0","0",NA,"None","None",NA,NA,NA,0.14,NA,NA,110.52
"R075","SAMN41425426",27,"Male","NDD",1.8,85,26.2345679012346,5.4,NA,NA,NA,NA,NA,NA,NA,NA,NA,NA,NA,NA,"0","0",NA,"None","None",NA,NA,NA,0.37,80,NA,42.45
"R076","SAMN41425427",63,"Female","NDD",1.63,70.4,26.5,NA,NA,NA,NA,NA,NA,NA,NA,NA,NA,NA,NA,NA,"0","0",NA,"None","None",NA,NA,NA,4.01,7,NA,1053.86
"R077","SAMN41425428",54,"Female","NDD",1.72,73,24.7,5.2,NA,NA,NA,NA,NA,NA,NA,NA,NA,NA,NA,NA,"0","0",NA,"None","None",NA,NA,NA,NA,66,NA,0
"R078","SAMN41425429",47,"Female","NDD",1.7,102.1,35.3,5.9,NA,NA,NA,NA,NA,NA,NA,NA,NA,NA,NA,NA,"0","1",NA,"Type2","Type2",NA,NA,NA,5.4,18,NA,1053.86
"R080","SAMN41425431",57,"Male","NDD",1.68,80,28.3,5.8,NA,NA,NA,NA,NA,NA,NA,NA,NA,NA,NA,NA,"0","1",NA,"Type2","Type2",NA,NA,NA,NA,63,NA,0
"R081","SAMN41425432",68,"Male","NDD",1.72,70,23.7,5.9,NA,NA,NA,NA,NA,NA,NA,NA,NA,NA,NA,NA,"0","0",NA,"None","Pre.T2D",NA,NA,NA,3.82,8,NA,726.64
"R082","SAMN41425433",65,"Female","NDD",1.68,70.3,24.9,5.4,NA,NA,NA,NA,NA,NA,NA,NA,NA,NA,NA,NA,"0","0",NA,"None","None",NA,NA,NA,NA,40,NA,0
"R083","SAMN41425434",71,"Male","NDD",1.7,79.4,27.5,6.6,NA,NA,NA,NA,NA,NA,NA,NA,NA,NA,NA,NA,"0","1",NA,"Type2","Type2",NA,NA,NA,NA,17,NA,0
"R084","SAMN41425435",63,"Female","NDD",1.65,82.5,30.3030303030303,5.5,NA,NA,NA,NA,NA,NA,NA,NA,NA,NA,NA,NA,"0","0",NA,"None","None",NA,NA,NA,43.82,12,NA,8273.1
"R085","SAMN41425436",61,"Male","NDD",1.75,93.3,30.5,5.6,NA,NA,NA,NA,NA,NA,NA,NA,NA,NA,NA,NA,"0","0",NA,"None","None",NA,NA,NA,NA,60,NA,0
"R086","SAMN41425437",45,"Male","NDD",1.75,72.9,23.8,7.4,NA,NA,NA,NA,NA,NA,NA,NA,NA,NA,NA,NA,"0","1",NA,"Type2","Type2",NA,NA,NA,NA,NA,NA,0
"R087","SAMN41425438",69,"Male","NDD",1.83,75,22.4,5.9,NA,NA,NA,NA,NA,NA,NA,NA,NA,NA,NA,NA,"0","0",NA,"None","Pre.T2D",NA,NA,NA,NA,94,NA,0
"R088","SAMN41425439",20,"Male","NDD",2.08,177,40.9,5.8,NA,NA,NA,NA,NA,NA,NA,NA,NA,NA,NA,NA,"0","0",NA,"None","Pre.T2D",NA,NA,NA,3.73,18,NA,1182.16
"R089","SAMN41425440",63,"Female","NDD",1.6,51.5,20.1,NA,NA,NA,NA,NA,NA,NA,NA,NA,NA,NA,NA,NA,"0","0",NA,"None","None",NA,NA,NA,11.68,75,NA,3947.8
"R090","SAMN41425441",46,"Male","DCD",1.83,73,21.8,NA,NA,NA,NA,NA,NA,NA,NA,NA,NA,NA,NA,NA,"0","0",NA,"None","None",NA,NA,NA,NA,NA,NA,0
"R091","SAMN41425442",65,"Female","NDD",1.67,71,25.5,5.6,NA,NA,NA,NA,NA,NA,NA,NA,NA,NA,NA,NA,"0","0",NA,"None","None",NA,NA,NA,1.93,40,NA,269.76
"R092","SAMN41425443",77,"Male","NDD",1.73,62,20.7156938086805,5.7,NA,NA,NA,NA,NA,NA,NA,NA,NA,NA,NA,NA,"0","0",NA,"None","None",NA,NA,NA,1.97,8,NA,314.3
"R093","SAMN41425444",75,"Male","NDD",1.74,80,26.4,6.3,NA,NA,NA,NA,NA,NA,NA,NA,NA,NA,NA,NA,"0","1",NA,"Type2","Type2",NA,NA,NA,0.96,8,NA,128.28
"R094","SAMN41425445",46,"Female","NDD",1.8,91,28.0864197530864,5.8,NA,NA,NA,NA,NA,NA,NA,NA,NA,NA,NA,NA,"0","0",NA,"None","Pre.T2D",NA,NA,NA,1.38,19,NA,399.97
"R096","SAMN41425447",53,"Female","NDD",1.63,50,18.8189243102864,5,NA,NA,NA,NA,NA,NA,NA,NA,NA,NA,NA,NA,"0","0",NA,"None","None",NA,NA,NA,2.84,18,NA,849.31
"R097","SAMN41425448",56,"Female","DCD",1.6,65.8,25.7,5,NA,NA,NA,NA,NA,NA,NA,NA,NA,NA,NA,NA,"0","0",NA,"None","None",NA,NA,NA,NA,NA,NA,0
"R098","SAMN41425449",62,"Female","NDD",1.6,54,21.09375,6.3,NA,NA,NA,NA,NA,NA,NA,NA,NA,NA,NA,NA,"0","0",NA,"None","Pre.T2D",NA,NA,NA,1.48,17,NA,173.94
"R099","SAMN41425450",34,"Female","NDD",1.56,95,39.0368178829717,5.5,NA,NA,NA,NA,NA,NA,NA,NA,NA,NA,NA,NA,"0","0",NA,"None","None",NA,NA,NA,0.44,68,NA,70.91
"R100","SAMN41425451",80,"Male","NDD",1.67,55,19.7210369679802,5.2,NA,NA,NA,NA,NA,NA,NA,NA,NA,NA,NA,NA,"0","0",NA,"None","None",NA,NA,NA,3.41,33,NA,1485.32
"R101","SAMN41425452",59,"Female","NDD",1.65,70.5,25.9,5.5,NA,NA,NA,NA,NA,NA,NA,NA,NA,NA,NA,NA,"0","0",NA,"None","None",NA,NA,NA,13.4,18,NA,2710.75
"R102","SAMN41425453",54,"Male","NDD",1.63,110,41.4,5.4,NA,NA,NA,NA,NA,NA,NA,NA,NA,NA,NA,NA,"0","0",NA,"None","None",NA,NA,NA,1.97,9,NA,1946.85
"R103","SAMN41425454",17,"Female","DCD",1.62,56.5,21.5,NA,NA,NA,NA,NA,NA,NA,NA,NA,NA,NA,NA,NA,"0","0",NA,"None","None",NA,NA,NA,NA,NA,NA,0
"R104","SAMN41425455",42,"Male","DCD",1.77,85,27.1,9.3,NA,NA,NA,NA,NA,NA,NA,NA,NA,NA,NA,NA,"0","0",NA,"None","Type2",NA,NA,NA,NA,63,NA,0
"R105","SAMN41425456",59,"Female","NDD",1.68,99,35.1,5.5,NA,NA,NA,NA,NA,NA,NA,NA,NA,NA,NA,NA,"0","0",NA,"None","None",NA,NA,NA,0.07,15,NA,19.46
"R106","SAMN41425457",52,"Male","NDD",1.98,78,19.9,5.6,NA,NA,NA,NA,NA,NA,NA,NA,NA,NA,NA,NA,"0","0",NA,"None","None",NA,NA,NA,NA,15,NA,0
"R107","SAMN41425458",56,"Female","NDD",1.65,75,27.5,9.3,NA,NA,NA,NA,NA,NA,NA,NA,NA,NA,NA,NA,"0","0",NA,"None","Type2",NA,NA,NA,1.89,15,NA,695.89
"R108","SAMN41425459",59,"Female","NDD",1.6,63.5,24.8,5.4,NA,NA,NA,NA,NA,NA,NA,NA,NA,NA,NA,NA,"0","0",NA,"None","None",NA,NA,NA,1.06,57,NA,666.06
"R109","SAMN41425460",60,"Female","NDD",1.55,60,25,6.1,NA,NA,NA,NA,NA,NA,NA,NA,NA,NA,NA,NA,"0","0",NA,"None","Pre.T2D",NA,NA,NA,0.14,40,NA,43.62
"R110","SAMN41425461",41,"Male","NDD",1.75,82,26.8,9.3,NA,NA,NA,NA,NA,NA,NA,NA,NA,NA,NA,NA,"0","1",NA,"Type2","Type2",NA,NA,NA,0.06,NA,NA,87.42
"R111","SAMN41425462",48,"Male","NDD",1.7,93,32.2,4.9,NA,NA,NA,NA,NA,NA,NA,NA,NA,NA,NA,NA,"0","0",NA,"None","None",NA,NA,NA,NA,NA,NA,0
"R112","SAMN41425463",54,"Female","NDD",1.57,81,32.9,5.5,NA,NA,NA,NA,NA,NA,NA,NA,NA,NA,NA,NA,"0","0",NA,"None","None",NA,NA,NA,NA,18,NA,0
"R113","SAMN41425464",62,"Male","NDD",1.62,80,30.5,5.7,NA,NA,NA,NA,NA,NA,NA,NA,NA,NA,NA,NA,"0","0",NA,"None","None",NA,NA,NA,NA,63,NA,0
"R114","SAMN41425465",65,"Female","NDD",1.65,90,33.1,6,NA,NA,NA,NA,NA,NA,NA,NA,NA,NA,NA,NA,"0","0",NA,"None","Pre.T2D",NA,NA,NA,1.64,19,NA,2679.38
"R115","SAMN41425466",62,"Female","NDD",1.47,41,19,5.5,NA,NA,NA,NA,NA,NA,NA,NA,NA,NA,NA,NA,"0","0",NA,"None","None",NA,NA,NA,2.86,30,NA,2612.64
"R116","SAMN41425467",43,"Male","NDD",1.74,84,27.7,NA,NA,NA,NA,NA,NA,NA,NA,NA,NA,NA,NA,NA,"0","0",NA,"None","None",NA,NA,NA,0.8,8,NA,1326.94
"R117","SAMN41425468",64,"Male","NDD",1.63,66.7,25.1,5.8,NA,NA,NA,NA,NA,NA,NA,NA,NA,NA,NA,NA,"0","0",NA,"None","Pre.T2D",NA,NA,NA,0.01,72,NA,23.95
"R118","SAMN41425469",63,"Male","DCD",1.88,80,22.6,5.3,NA,NA,NA,NA,NA,NA,NA,NA,NA,NA,NA,NA,"0","0",NA,"None","None",NA,NA,NA,NA,21,NA,0
"R120","SAMN41425471",60,"Male","NDD",1.78,101.2,31.9,5.8,NA,NA,NA,NA,NA,NA,NA,NA,NA,NA,NA,NA,"0","0",NA,"None","Pre.T2D",NA,NA,NA,0.45,66,NA,437.41
"R121","SAMN41425472",18,"Male","NDD",1.73,57.2,19.1,NA,NA,NA,NA,NA,NA,NA,NA,NA,NA,NA,NA,NA,"0","0",NA,"None","None",NA,NA,NA,0.89,32,NA,1346.97
"R122","SAMN41425473",55,"Male","NDD",1.8,93,28.7,5.9,NA,NA,NA,NA,NA,NA,NA,NA,NA,NA,NA,NA,"0","0",NA,"None","Pre.T2D",NA,NA,NA,0.73,35,NA,1273.84
"R123","SAMN41425474",43,"Female","NDD",1.65,58,21.3,NA,NA,NA,NA,NA,NA,NA,NA,NA,NA,NA,NA,NA,"0","0",NA,"None","None",NA,NA,NA,0.2,15,NA,240.9
"R124","SAMN41425475",43,"Female","NDD",1.71,71.8,24.6,5.2,NA,NA,NA,NA,NA,NA,NA,NA,NA,NA,NA,NA,"0","0",NA,"None","None",NA,NA,NA,2.78,15,NA,3226.56
"R125","SAMN41425476",70,"Male","NDD",1.73,88,29.4,7.7,NA,NA,NA,NA,NA,NA,NA,NA,NA,NA,NA,NA,"0","1",NA,"Type2","Type2",NA,NA,NA,2.06,12,NA,2755.62
"R126","SAMN41425477",38,"Male","NDD",1.73,72,24.1,5.2,NA,NA,NA,NA,NA,NA,NA,NA,NA,NA,NA,NA,"0","0",NA,"None","None",NA,NA,NA,NA,18,NA,0
"R127","SAMN41425478",35,"Male","DCD",1.84,98,28.9,5,NA,NA,NA,NA,NA,NA,NA,NA,NA,NA,NA,NA,"0","0",NA,"None","None",NA,NA,NA,NA,NA,NA,0
"R128","SAMN41425479",56,"Female","NDD",1.63,85,32,6.1,NA,NA,NA,NA,NA,NA,NA,NA,NA,NA,NA,NA,"0","0",NA,"None","Pre.T2D",NA,NA,NA,NA,12,NA,0
"R129","SAMN41425480",53,"Male","DCD",1.8,99,30.6,5.3,NA,NA,NA,NA,NA,NA,NA,NA,NA,NA,NA,NA,"0","1",NA,"Type2","Type2",NA,NA,NA,NA,NA,NA,0
"R130","SAMN41425481",52,"Male","NDD",1.8,77.1,23.8,5.3,NA,NA,NA,NA,NA,NA,NA,NA,NA,NA,NA,NA,"0","0",NA,"None","None",NA,NA,NA,1.77,18,NA,622.87
"R131","SAMN41425482",52,"Male","NDD",1.77,81.5,26,6.8,NA,NA,NA,NA,NA,NA,NA,NA,NA,NA,NA,NA,"0","1",NA,"Type2","Type2",NA,NA,NA,2.84,7,NA,1983.98
"R133","SAMN41425484",53,"Male","NDD",1.82,113,34.1,5.6,NA,NA,NA,NA,NA,NA,NA,NA,NA,NA,NA,NA,"0","1",NA,"Type2","Type2",NA,NA,NA,0.07,40,NA,112.5
"R134","SAMN41425485",23,"Male","DCD",1.75,67,21.9,5.9,NA,NA,NA,NA,NA,NA,NA,NA,NA,NA,NA,NA,"0","0",NA,"None","Pre.T2D",NA,NA,NA,0.34,60,NA,279.58
"R135","SAMN41425486",62,"Female","NDD",1.55,68,28.3,6.1,NA,NA,NA,NA,NA,NA,NA,NA,NA,NA,NA,NA,"0","0",NA,"None","Pre.T2D",NA,NA,NA,0.49,16,NA,470.6
"R136","SAMN41425487",60,"Female","NDD",1.6,93,36.328125,6.2,NA,NA,NA,NA,NA,NA,NA,NA,NA,NA,NA,NA,"0","0",NA,"None","Pre.T2D",NA,NA,NA,0.38,15,NA,740.13
"R137","SAMN41425488",56,"Female","NDD",1.65,100,36.7,5.5,NA,NA,NA,NA,NA,NA,NA,NA,NA,NA,NA,NA,"0","1",NA,"Type2","Type2",NA,NA,NA,1.47,20,NA,5783.68
"R138","SAMN41425489",71,"Female","NDD",1.625,97.8,37,5.9,NA,NA,NA,NA,NA,NA,NA,NA,NA,NA,NA,NA,"0","0",NA,"None","Pre.T2D",NA,NA,NA,2.78,20,NA,6122.44
"R139","SAMN41425490",50,"Male","NDD",1.85,85,24.8,5.9,NA,NA,NA,NA,NA,NA,NA,NA,NA,NA,NA,NA,"0","0",NA,"None","Pre.T2D",NA,NA,NA,NA,12,NA,0
"R140","SAMN41425491",49,"Female","NDD",1.72,65,22,5.6,NA,NA,NA,NA,NA,NA,NA,NA,NA,NA,NA,NA,"0","0",NA,"None","None",NA,NA,NA,2.79,18,NA,716.22
"R141","SAMN41425492",56,"Female","DCD",1.49,73.6,33.2,5.5,NA,NA,NA,NA,NA,NA,NA,NA,NA,NA,NA,NA,"0","1",NA,"Type2","Type2",NA,NA,NA,NA,NA,NA,0
"R142","SAMN41425493",63,"Female","DCD",1.42,51,25.3,4.9,NA,NA,NA,NA,NA,NA,NA,NA,NA,NA,NA,NA,"0","0",NA,"None","None",NA,NA,NA,NA,60,NA,0
"R143","SAMN41425494",59,"Female","NDD",1.73,115,38.4,6.5,NA,NA,NA,NA,NA,NA,NA,NA,NA,NA,NA,NA,"0","0",NA,"None","None",NA,NA,NA,0.02,NA,NA,737.14
"R144","SAMN41425495",50,"Female","NDD",1.63,94,35.3795777033385,5,NA,NA,NA,NA,NA,NA,NA,NA,NA,NA,NA,NA,"0","0",NA,"None","None",NA,NA,NA,1.84,27,NA,3012.3
"R145","SAMN41425496",55,"Female","NDD",1.65,65.7,24.1322314049587,5.5,NA,NA,NA,NA,NA,NA,NA,NA,NA,NA,NA,NA,"0","0",NA,"None","None",NA,NA,NA,0.78,15,NA,745.9
"R146","SAMN41425497",52,"Male","DCD",1.7,73,25.3,5.5,NA,NA,NA,NA,NA,NA,NA,NA,NA,NA,NA,NA,"0","0",NA,"None","None",NA,NA,NA,1.28,36,NA,2372.05
"R147","SAMN41425498",62,"Male","DCD",1.85,89,26,5.4,NA,NA,NA,NA,NA,NA,NA,NA,NA,NA,NA,NA,"0","0",NA,"None","None",NA,NA,NA,1.24,18,NA,514.12
"R148","SAMN41425499",40,"Male","NDD",1.71,85,29.1,NA,NA,NA,NA,NA,NA,NA,NA,NA,NA,NA,NA,NA,"0","0",NA,"None","None",NA,NA,NA,3.65,24,NA,4588.85
"R149","SAMN41425500",47,"Male","NDD",1.61,106.9,41.2,5.9,NA,NA,NA,NA,NA,NA,NA,NA,NA,NA,NA,NA,"0","0",NA,"None","Pre.T2D",NA,NA,NA,1.95,18,NA,1907.97
"R150","SAMN41425501",42,"Male","NDD",1.88,112,31.7,5.9,NA,NA,NA,NA,NA,NA,NA,NA,NA,NA,NA,NA,"0","0",NA,"None","Pre.T2D",NA,NA,NA,0.41,18,NA,999.62
"R151","SAMN41425502",46,"Female","NDD",1.65,72.6,26.7,5.4,NA,NA,NA,NA,NA,NA,NA,NA,NA,NA,NA,NA,"0","0",NA,"None","None",NA,NA,NA,2.57,18,NA,1263.54
"R152","SAMN41425503",54,"Female","DCD",1.57,105,42.6,8.3,NA,NA,NA,NA,NA,NA,NA,NA,NA,NA,NA,NA,"0","1",NA,"Type2","Type2",NA,NA,NA,NA,14,NA,0
"R153","SAMN41425504",53,"Female","NDD",1.55,50.8,21.1,5.4,NA,NA,NA,NA,NA,NA,NA,NA,NA,NA,NA,NA,"0","0",NA,"None","None",NA,NA,NA,2.71,11,NA,3280.94
"R154","SAMN41425505",57,"Female","NDD",1.75,125,40.8,7.2,NA,NA,NA,NA,NA,NA,NA,NA,NA,NA,NA,NA,"0","1",NA,"Type2","Type2",NA,NA,NA,0.05,80,NA,63.4
"R155","SAMN41425506",56,"Male","DCD",1.88,120,34,6.3,NA,NA,NA,NA,NA,NA,NA,NA,NA,NA,NA,NA,"0","1",NA,"Type2","Type2",NA,NA,NA,0.6,18,NA,1253.92
"R156","SAMN41425507",69,"Female","NDD",1.57,71,28.8,6.2,NA,NA,NA,NA,NA,NA,NA,NA,NA,NA,NA,NA,"0","0",NA,"None","Pre.T2D",NA,NA,NA,0.6,18,NA,889.07
"R157","SAMN41425508",60,"Female","NDD",1.65,63.5,23.3,6,NA,NA,NA,NA,NA,NA,NA,NA,NA,NA,NA,NA,"0","0",NA,"None","Pre.T2D",NA,NA,NA,0.06,12,NA,70.58
"R158","SAMN41425509",53,"Male","DCD",1.7,65,22.5,5.5,NA,NA,NA,NA,NA,NA,NA,NA,NA,NA,NA,NA,"0","0",NA,"None","None",NA,NA,NA,NA,NA,NA,0
"R159","SAMN41425510",60,"Male","NDD",1.75,93,30.4,5.5,NA,NA,NA,NA,NA,NA,NA,NA,NA,NA,NA,NA,"0","0",NA,"None","None",NA,NA,NA,0.54,29,NA,551.25
"R160","SAMN41425511",27,"Male","DCD",1.68,71.6,25.4,5.7,NA,NA,NA,NA,NA,NA,NA,NA,NA,NA,NA,NA,"0","0",NA,"None","None",NA,NA,NA,NA,2,NA,98.52
"R161","SAMN41425512",71,"Female","NDD",1.52,45.5,19.7,6.3,NA,NA,NA,NA,NA,NA,NA,NA,NA,NA,NA,NA,"0","0",NA,"None","Pre.T2D",NA,NA,NA,0.47,8,NA,487.18
"R162","SAMN41425513",74,"Female","NDD",1.62,75,28.6,6.2,NA,NA,NA,NA,NA,NA,NA,NA,NA,NA,NA,NA,"0","0",NA,"None","Pre.T2D",NA,NA,NA,0.5,36,NA,723.86
"R163","SAMN41425514",15,"Female","NDD",1.73,70,23.4,5.1,NA,NA,NA,NA,NA,NA,NA,NA,NA,NA,NA,NA,"0","0",NA,"None","None",NA,NA,NA,0.49,9,NA,707.69
"R164","SAMN41425515",44,"Female","NDD",1.57,75.8,30.8,6,NA,NA,NA,NA,NA,NA,NA,NA,NA,NA,NA,NA,"0","0",NA,"None","Pre.T2D",NA,NA,NA,0.67,60,NA,1054.6
"R165","SAMN41425516",30,"Male","NDD",1.74,72.5,23.9,5.9,NA,NA,NA,NA,NA,NA,NA,NA,NA,NA,NA,NA,"0","0",NA,"None","Pre.T2D",NA,NA,NA,0.77,15,NA,454.39
"R166","SAMN41425517",54,"Male","DCD",1.83,120,35.8,NA,NA,NA,NA,NA,NA,NA,NA,NA,NA,NA,NA,NA,"0","0",NA,"None","None",NA,NA,NA,NA,NA,NA,0
"R167","SAMN41425518",84,"Female","NDD",1.57,52,21.1,NA,NA,NA,NA,NA,NA,NA,NA,NA,NA,NA,NA,NA,"0","0",NA,"None","None",NA,NA,NA,4.07,12,NA,4407.6
"R168","SAMN41425519",44,"Male","NDD",1.94,90.7,24.1,5.4,NA,NA,NA,NA,NA,NA,NA,NA,NA,NA,NA,NA,"0","0",NA,"None","None",NA,NA,NA,1.17,40,NA,3287.48
"R169","SAMN41425520",60,"Male","NDD",1.88,84,23.8,5.7,NA,NA,NA,NA,NA,NA,NA,NA,NA,NA,NA,NA,"0","0",NA,"None","None",NA,NA,NA,2.21,18,NA,297.59
"R170","SAMN41425521",49,"Male","NDD",1.82,128,38.6,6.5,NA,NA,NA,NA,NA,NA,NA,NA,NA,NA,NA,NA,"0","1",NA,"Type2","Type2",NA,NA,NA,4.37,40,NA,13940.4
"R171","SAMN41425522",72,"Female","NDD",1.63,73,27.5,7.4,NA,NA,NA,NA,NA,NA,NA,NA,NA,NA,NA,NA,"0","1",NA,"Type2","Type2",83,0.55,12.6,0.67,18,175090,2206.5
"R172","SAMN41425523",65,"Female","DCD",1.62,67,25.5,5.6,NA,NA,NA,NA,NA,NA,NA,NA,NA,NA,NA,NA,"0","0",NA,"None","None",NA,NA,NA,3.88,16,NA,534.7
"R173","SAMN41425524",77,"Male","NDD",1.74,108,35.7,6.7,NA,NA,NA,NA,NA,NA,NA,NA,NA,NA,NA,NA,"0","1",NA,"Type2","Type2",NA,NA,NA,0.62,16,NA,1020.71
"R174","SAMN41425525",44,"Male","NDD",1.78,109,34.4,4.7,NA,NA,NA,NA,NA,NA,NA,NA,NA,NA,NA,NA,"0","0",NA,"None","None",NA,NA,NA,1.4,18,NA,1015.78
"R175","SAMN41425526",53,"Female","NDD",1.47,62.8,29.0619649220232,5.4,NA,NA,NA,NA,NA,NA,NA,NA,NA,NA,NA,NA,"0","0",NA,"None","None",NA,NA,NA,1.43,18,NA,1009.03
"R176","SAMN41425527",55,"Male","NDD",1.8,76.5,23.6,5.8,NA,NA,NA,NA,NA,NA,NA,NA,NA,NA,NA,NA,"0","0",NA,"None","Pre.T2D",NA,NA,NA,1.76,12,NA,850.74
"R177","SAMN41425528",28,"Male","NDD",1.73,70,23.4,NA,NA,NA,NA,NA,NA,NA,NA,NA,NA,NA,NA,NA,"0","0",NA,"None","None",NA,NA,NA,2.92,89,NA,2945.92
"R178","SAMN41425529",54,"Female","DCD",1.7,73,25.2595155709343,NA,NA,NA,NA,NA,NA,NA,NA,NA,NA,NA,NA,NA,"0","0",NA,"None","None",NA,NA,NA,0.85,69,NA,518.47
"R179","SAMN41425530",61,"Male","NDD",1.74,76,25.1023913330691,5.7,NA,NA,NA,NA,NA,NA,NA,NA,NA,NA,NA,NA,"0","0",NA,"None","None",NA,NA,NA,7.67,8,NA,11843.06
"R180","SAMN41425531",68,"Female","NDD",1.65,59,21.6712580348944,5.9,NA,NA,NA,NA,NA,NA,NA,NA,NA,NA,NA,NA,"0","0",NA,"None","Pre.T2D",NA,NA,NA,12.08,16,NA,1990.12
"R181","SAMN41425532",42,"Female","DCD",1.62,77.1,29.4,6,NA,NA,NA,NA,NA,NA,NA,NA,NA,NA,NA,NA,"0","0",NA,"None","Pre.T2D",NA,NA,NA,NA,92,NA,0
"R182","SAMN41425533",23,"Male","DCD",1.75,76.7,25,5.7,NA,NA,NA,NA,NA,NA,NA,NA,NA,NA,NA,NA,"0","0",NA,"None","None",NA,NA,NA,NA,66,NA,0
"R183","SAMN41425534",65,"Male","NDD",1.78,103,32.5,5.6,NA,NA,NA,NA,NA,NA,NA,NA,NA,NA,NA,NA,"0","0",NA,"None","None",NA,NA,NA,0.22,30,NA,744.48
"R184","SAMN41425535",59,"Female","NDD",1.6,55,21.5,5.2,NA,NA,NA,NA,NA,NA,NA,NA,NA,NA,NA,NA,"0","0",NA,"None","None",NA,NA,NA,6.18,36,NA,36.47
"R185","SAMN41425536",54,"Male","NDD",1.84,138,40.8,6.2,NA,NA,NA,NA,NA,NA,NA,NA,NA,NA,NA,NA,"0","1",NA,"Type2","Type2",NA,NA,NA,2.41,18,NA,7125.8
"R186","SAMN41425537",67,"Male","NDD",1.68,79.2,28.1,5.6,NA,NA,NA,NA,NA,NA,NA,NA,NA,NA,NA,NA,"0","0",NA,"None","None",NA,NA,NA,3.27,18,NA,265.57
"R187","SAMN41425538",21,"Male","NDD",1.75,62.7,20.5,NA,NA,NA,NA,NA,NA,NA,NA,NA,NA,NA,NA,NA,"0","0",NA,"None","None",NA,NA,NA,0.17,12,NA,221.94
"R188","SAMN41425539",70,"Male","NDD",1.7,80,27.7,NA,NA,NA,NA,NA,NA,NA,NA,NA,NA,NA,NA,NA,"0","0",NA,"None","None",NA,NA,NA,0.1,90,NA,169.06
"R189","SAMN41425540",50,"Male","NDD",1.83,94.4,28.1883603571322,5.4,NA,NA,NA,NA,NA,NA,NA,NA,NA,NA,NA,NA,"0","0",NA,"None","None",NA,NA,NA,0.66,66,NA,690.36
"R190","SAMN41425541",66,"Female","NDD",1.65,90.1,33.0945821854913,6.2,NA,NA,NA,NA,NA,NA,NA,NA,NA,NA,NA,NA,"0","0",NA,"None","Pre.T2D",NA,NA,NA,1.3,18,NA,417.63
"R191","SAMN41425542",54,"Male","NDD",1.7,88.5,30.6228373702422,6.6,NA,NA,NA,NA,NA,NA,NA,NA,NA,NA,NA,NA,"0","1",NA,"Type2","Type2",NA,NA,NA,1.08,16,NA,1137.63
"R192","SAMN41425543",63,"Male","NDD",1.83,90,26.9,NA,NA,NA,NA,NA,NA,NA,NA,NA,NA,NA,NA,NA,"0","1",NA,"Type2","Type2",57,0.83,32.45,1.74,15,45699,1483.02
"R193","SAMN41425544",69,"Male","NDD",1.79,126.5,39.4806653974595,6.2,NA,NA,NA,NA,NA,NA,NA,NA,NA,NA,NA,NA,"0","0",NA,"None","Pre.T2D",98,1.27,4.87,1.17,60,289908,1412.41
"R194","SAMN41425545",54,"Male","NDD",1.75,99,32.3265306122449,5.7,NA,NA,NA,NA,NA,NA,NA,NA,NA,NA,NA,NA,"0","0",NA,"None","None",81,0.87,7.9,4.36,20,194159,1534.44
"R195","SAMN41425546",54,"Male","DCD",1.63,93,35.0031992171328,5.5,NA,NA,NA,NA,NA,NA,NA,NA,NA,NA,NA,NA,"0","0",NA,"None","None",40,0.74,3.34,1.26,20,101732,339.58
"R196","SAMN41425547",65,"Male","NDD",1.87,104,29.7406274128514,5.4,NA,NA,NA,NA,NA,NA,NA,NA,NA,NA,NA,NA,"0","0",NA,"None","None",61,1.13,20.65,1.72,67,243996,5038.62
"R197","SAMN41425548",42,"Male","DCD",1.78,97.5,30.7726297184699,5.7,NA,NA,NA,NA,NA,NA,NA,NA,NA,NA,NA,NA,"0","0",NA,"None","None",NA,NA,NA,NA,NA,0,0
"R198","SAMN41425549",47,"Female","DCD",1.56,72.2,29.7,5.4,NA,NA,NA,NA,NA,NA,NA,NA,NA,NA,NA,NA,"0","1",NA,"Type2","Type2",82,0.89,48.4,2.56,68,90697,4389.83
"R199","SAMN41425550",56,"Male","NDD",1.85,62.7,18.3199415631848,5.3,NA,NA,NA,NA,NA,NA,NA,NA,NA,NA,NA,NA,"0","0",NA,"None","None",105,1.45,26.7,3.43,46,310446,8287.51
"R200","SAMN41425551",65,"Male","NDD",1.77,85,27.1,5.1,NA,NA,NA,NA,NA,NA,NA,NA,NA,NA,NA,NA,"0","0",NA,"None","None",NA,NA,NA,7.14,24,NA,15446.82
"R201","SAMN41425552",69,"Male","NDD",1.74,97.6,32.2,6.7,NA,NA,NA,NA,NA,NA,NA,NA,NA,NA,NA,NA,"0","0",NA,"None","Type2",35,0.49,112.32,17.25,16,153305.2,17218.53
"R202","SAMN41425553",68,"Female","NDD",1.76,78,25.1807851239669,5.7,NA,NA,NA,NA,NA,NA,NA,NA,NA,NA,NA,NA,"0","0",NA,"None","None",66,2.49,33.79,33.67,16,292984,9899.02
"R203","SAMN41425554",50,"Male","NDD",1.83,148.6,44.3727791215026,5.7,NA,NA,NA,NA,NA,NA,NA,NA,NA,NA,NA,NA,"0","0",NA,"None","None",103,1.74,60.75,35.4,40,378477,22993.58
"R204","SAMN41425555",62,"Male","NDD",1.8,77,23.8,5.6,NA,NA,NA,NA,NA,NA,NA,NA,NA,NA,NA,NA,"0","0",NA,"None","None",72,0.99,22.85,20.18,16,282240,6449.29
"R205","SAMN41425556",53,"Male","DCD",1.83,99,29.5619457135179,5.9,NA,NA,NA,NA,NA,NA,NA,NA,NA,NA,NA,NA,"0","0",NA,"None","Pre.T2D",38,0.45,102.22,24.02,16,113850,11637.86
"R206","SAMN41425557",54,"Male","NDD",1.78,114.3,36.1,7,NA,NA,NA,NA,NA,NA,NA,NA,NA,NA,NA,NA,"0","1",NA,"Type2","Type2",100,NA,10.95,0.23,NA,88130,964.97
"R207","SAMN41425558",50,"Female","NDD",1.75,68,22.2,NA,NA,NA,NA,NA,NA,NA,NA,NA,NA,NA,NA,NA,"0","0",NA,"None","None",67,0.8,94.66,16.93,19,272028,25750.33
"R208","SAMN41425559",27,"Male","NDD",1.8,94,29.0123456790123,5.5,NA,NA,NA,NA,NA,NA,NA,NA,NA,NA,NA,NA,"0","0",NA,"None","None",37,0.77,13.62,1.01,65,62732,854.62
"R209","SAMN41425560",65,"Female","NDD",1.5,74,32.9,5.5,NA,NA,NA,NA,NA,NA,NA,NA,NA,NA,NA,NA,"0","0",NA,"None","None",NA,NA,NA,NA,NA,0,0
"R210","SAMN41425561",46,"Male","NDD",1.83,82,24.485652005136,5.3,NA,NA,NA,NA,NA,NA,NA,NA,NA,NA,NA,NA,"0","0",NA,"None","None",88,1.22,24.04,1.03,18,160817,3865.24
"R211","SAMN41425562",67,"Female","DCD",1.68,75.9,26.8920068027211,6,NA,NA,NA,NA,NA,NA,NA,NA,NA,NA,NA,NA,"0","0",NA,"None","Pre.T2D",NA,NA,NA,NA,NA,NA,0
"R212","SAMN41425563",54,"Male","NDD",1.87,82.9,23.7,11.5,NA,NA,NA,NA,NA,NA,NA,NA,NA,NA,NA,NA,"0","0",NA,"None","Type2",NA,NA,NA,NA,NA,NA,0
"R213","SAMN41425564",57,"Male","DCD",1.65,63,23.1404958677686,6.7,NA,NA,NA,NA,NA,NA,NA,NA,NA,NA,NA,NA,"0","1",NA,"Type2","Type2",61,0.38,23.48,1.71,18,64030,1503.28
"R214","SAMN41425565",49,"Male","DCD",1.73,104.5,34.9,5.9,NA,NA,NA,NA,NA,NA,NA,NA,NA,NA,NA,NA,"0","0",NA,"None","Pre.T2D",NA,NA,NA,NA,NA,NA,0
"R215","SAMN41425566",51,"Male","NDD",1.65,80,29.3847566574839,6,NA,NA,NA,NA,NA,NA,NA,NA,NA,NA,NA,NA,"0","0",NA,"None","Pre.T2D",65,0.92,33.93,4.32,84,146359,4966.2
"R216","SAMN41425567",38,"Male","NDD",1.8,138,42.6,5.6,NA,NA,NA,NA,NA,NA,NA,NA,NA,NA,NA,NA,"0","0",NA,"None","None",74,1.29,9.34,1.59,92,626480,5852.06
"R217","SAMN41425568",71,"Female","NDD",1.52,82.1,35.5,6.3,NA,NA,NA,NA,NA,NA,NA,NA,NA,NA,NA,NA,"0","0",NA,"None","Pre.T2D",76,0.6,49.11,5.04,15,112074,5504.04
"R218","SAMN41425569",73,"Female","NDD",1.6,72.6,28.4,5.9,NA,NA,NA,NA,NA,NA,NA,NA,NA,NA,NA,NA,"0","0",NA,"None","Pre.T2D",81,0.51,33.6,2.92,70,137991,4636.65
"R219","SAMN41425570",53,"Male","NDD",1.96,100,26,6.1,NA,NA,NA,NA,NA,NA,NA,NA,NA,NA,NA,NA,"0","1",NA,"Type2","Type2",19,0.59,27.66,1.2,33,32145.44,889.28
"R220","SAMN41425571",60,"Male","DCD",1.83,114.5,34.2,6.2,NA,NA,NA,NA,NA,NA,NA,NA,NA,NA,NA,NA,"0","0",NA,"None","Pre.T2D",NA,NA,NA,NA,NA,0,0
"R221","SAMN41425572",44,"Male","NDD",1.62,80,30.5,5.3,NA,NA,NA,NA,NA,NA,NA,NA,NA,NA,NA,NA,"0","0",NA,"None","None",44,1.15,11.45,0.78,136,112947,1293.24
"R222","SAMN41425573",62,"Male","NDD",1.7,75,26,10,NA,NA,NA,NA,NA,NA,NA,NA,NA,NA,NA,NA,"0","1",NA,"Type2","Type2",75,0.71,14.15,0.35,63,65970,933.25
"R223","SAMN41425574",54,"Male","NDD",1.8,87.5,27.0061728395062,5.8,NA,NA,NA,NA,NA,NA,NA,NA,NA,NA,NA,NA,"0","0",NA,"None","Pre.T2D",60,1.33,14.25,1.65,64,234731,3344.41
"R224","SAMN41425575",30,"Male","NDD",1.8,108,33.3333333333333,NA,NA,NA,NA,NA,NA,NA,NA,NA,NA,NA,NA,NA,"0","0",NA,"None","None",76,1.86,25.06,25.94,35,345422.5,8657.21
"R225","SAMN41425576",69,"Male","NDD",1.74,69,22.8,6.5,NA,NA,NA,NA,NA,NA,NA,NA,NA,NA,NA,NA,"0","0",NA,"None","None",114,1.86,8.15,3.21,64,345423,2816.62
"R226","SAMN41425577",30,"Female","NDD",1.57,79.6,32.3,4.9,NA,NA,NA,NA,NA,NA,NA,NA,NA,NA,NA,NA,"0","0",NA,"None","None",92,0.94,7.38,1.92,16,206303,1522.64
"R227","SAMN41425578",31,"Male","DCD",1.87,69.6,19.9,4.9,NA,NA,NA,NA,NA,NA,NA,NA,NA,NA,NA,NA,"0","0",NA,"None","None",NA,NA,NA,2.85,90,NA,3421.07
"R228","SAMN41425579",45,"Female","NDD",1.57,73,29.6,4.5,NA,NA,NA,NA,NA,NA,NA,NA,NA,NA,NA,NA,"0","0",NA,"None","None",81,0.54,38.39,4.43,18,250314,9610.51
"R229","SAMN41425580",22,"Female","NDD",1.6,58.9,23,5.3,NA,NA,NA,NA,NA,NA,NA,NA,NA,NA,NA,NA,"0","0",NA,"None","None",86,1.27,7.61,2.66,62,223796,1702.49
"R230","SAMN41425581",58,"Male","NDD",1.7,85,29.4,5.3,NA,NA,NA,NA,NA,NA,NA,NA,NA,NA,NA,NA,"0","0",NA,"None","None",61,1.01,12.78,2.87,18,153949,1967.53
"R231","SAMN41425582",41,"Female","NDD",1.7,107.3,37.1,6.8,NA,NA,NA,NA,NA,NA,NA,NA,NA,NA,NA,NA,"0","1",NA,"Type2","Type2",52,0.52,27.13,1.99,63,80132,2173.66
"R232","SAMN41425583",66,"Female","NDD",1.63,49.1,18.5,6.1,NA,NA,NA,NA,NA,NA,NA,NA,NA,NA,NA,NA,"0","0",NA,"None","Pre.T2D",76,0.52,10.67,1.69,15,191982.5,2048.08
"R233","SAMN41425584",76,"Female","NDD",1.68,54.4,19.3,6,NA,NA,NA,NA,NA,NA,NA,NA,NA,NA,NA,NA,"0","0",NA,"None","Pre.T2D",70,0.81,14.52,3.27,32,235161,3413.76
"R234","SAMN41425585",50,"Female","NDD",1.63,84.3,31.7,5.7,NA,NA,NA,NA,NA,NA,NA,NA,NA,NA,NA,NA,"0","0",NA,"None","None",89,1.07,10.54,2.21,20,387915,4087.26
"R235","SAMN41425586",53,"Female","NDD",1.63,65,24.5,5.7,NA,NA,NA,NA,NA,NA,NA,NA,NA,NA,NA,NA,"0","0",NA,"None","None",52,1.08,6.75,1.76,33,130516,881.51
"R236","SAMN41425587",51,"Male","DCD",1.75,108,35.3,8.6,NA,NA,NA,NA,NA,NA,NA,NA,NA,NA,NA,NA,"0","1",NA,"Type2","Type2",NA,NA,NA,NA,18,0,69.34
"R237","SAMN41425588",61,"Male","NDD",1.57,48.5,19.7,5.9,NA,NA,NA,NA,NA,NA,NA,NA,NA,NA,NA,NA,"0","0",NA,"None","Pre.T2D",91,1.72,12.81,3.33,20,350041,4485.47
"R238","SAMN41425589",52,"Male","NDD",1.76,80.7,26.1,5.7,NA,NA,NA,NA,NA,NA,NA,NA,NA,NA,NA,NA,"0","0",NA,"None","None",94,0.87,7.93,2.16,20,398942,3161.97
"R239","SAMN41425590",24,"Female","NDD",1.65,60,22,5.5,"31, -","39, 48","6, 6",NA,"7, 8",NA,"4, 4","8, 8","3, 3","02;01, 04;01","1, 1","DR52 Present, DR53 Present","0","0","Negative","None","None",55,0.94,4.05,1,90,230136.39,931.34
"R240","SAMN41425591",55,"Female","NDD",1.57,76.2,30.9,6.9,"2, 33","65, 18","6, 6",NA,"5, 8",NA,"1, 17","2, 5","1, 5","02;01, 16","1","DR52 present","0","1","Positive","Type2","Type2",72,0.99,8.25,NA,31,113348,935.36
"R241","SAMN41425592",65,"Male","NDD",1.63,58,21.8,9.9,NA,NA,NA,NA,NA,NA,NA,NA,NA,NA,NA,NA,"0","1",NA,"Type2","Type2",NA,NA,4.55,0.08,18,1e+05,454.98
"R242","SAMN41425593",46,"Male","DCD",1.77,63,20.1,5.9,NA,NA,NA,NA,NA,NA,NA,NA,NA,NA,NA,NA,"0","0",NA,"None","Pre.T2D",63,0.53,28.47,8.02,87,198995,5665.28
"R243","SAMN41425594",39,"Male","DCD",1.78,86,27.1,5.8,NA,NA,NA,NA,NA,NA,NA,NA,NA,NA,NA,NA,"0","0",NA,"None","Pre.T2D",63,0.85,8.1,1.17,30,115009,931.34
"R244","SAMN41425595",48,"Female","NDD",1.65,82.9,30.4,7.5,NA,NA,NA,NA,NA,NA,NA,NA,NA,NA,NA,NA,"0","1",NA,"Type2","Type2",81,1.39,7.4,1.56,87,126417.5,935.36
"R245","SAMN41425596",63,"Male","NDD",1.82,74,22.3,5.6,NA,NA,NA,NA,NA,NA,NA,NA,NA,NA,NA,NA,"0","0",NA,"None","None",94,1.53,2.28,1.11,18,398562,909.96
"R246","SAMN41425597",65,"Female","NDD",1.55,94.1,39.2,5.8,NA,NA,NA,NA,NA,NA,NA,NA,NA,NA,NA,NA,"0","0",NA,"None","Pre.T2D",67,1.25,30.56,8.56,65,185359,5665.28
"R247","SAMN41425598",72,"Male","NDD",1.93,89,23.9,NA,NA,NA,NA,NA,NA,NA,NA,NA,NA,NA,NA,NA,"0","0",NA,"None","None",78,0.96,2.77,0.7,40,325255,901.57
"R248","SAMN41425599",29,"Male","NDD",1.78,75,23.7,6.1,NA,NA,NA,NA,NA,NA,NA,NA,NA,NA,NA,NA,"0","0",NA,"None","Pre.T2D",49,1.33,0.33,0.01,88,81419,27.11
"R249","SAMN41425600",62,"Female","DCD",1.59,56,22.2,NA,NA,NA,NA,NA,NA,NA,NA,NA,NA,NA,NA,NA,"0","0",NA,"None","None",65,0.55,8.55,1.06,65,113074,966.77
"R250","SAMN41425601",58,"Male","NDD",1.8,107,33,6.2,NA,NA,NA,NA,NA,NA,NA,NA,NA,NA,NA,NA,"0","0",NA,"None","Pre.T2D",53,0.69,6.81,0.38,15,138891,945.67
"R251","SAMN41425602",49,"Male","NDD",1.8,69,21.3,5,NA,NA,NA,NA,NA,NA,NA,NA,NA,NA,NA,NA,"0","0",NA,"None","None",75,0.7,4.78,0.88,18,177016,845.82
"R252","SAMN41425603",26,"Female","NDD",1.66,70,25.4,5,NA,NA,NA,NA,NA,NA,NA,NA,NA,NA,NA,NA,"0","0",NA,"None","None",83,1.04,12.59,2.36,18,195052,2456.22
"R253","SAMN41425604",57,"Male","NDD",1.78,81.1,25.6,5,NA,NA,NA,NA,NA,NA,NA,NA,NA,NA,NA,NA,"0","0",NA,"None","None",72,1.12,18.64,3.89,60,499707,9313.26
"R254","SAMN41425605",62,"Male","NDD",1.78,64,20.2,6.3,NA,NA,NA,NA,NA,NA,NA,NA,NA,NA,NA,NA,"0","0",NA,"None","Pre.T2D",100,NA,0,NA,14,66000,0
"R255","SAMN41425606",18,"Male","DCD",1.69,73.8,25.8,6.4,NA,NA,NA,NA,NA,NA,NA,NA,NA,NA,NA,NA,"0","0",NA,"None","Pre.T2D",99,NA,0,NA,40,20000,0
"R256","SAMN41425607",23,"Male","NDD",1.7,94,32.5,5.4,NA,NA,NA,NA,NA,NA,NA,NA,NA,NA,NA,NA,"0","0",NA,"None","None",100,NA,0,NA,20,81795,0
"R257","SAMN41425608",56,"Male","DCD",1.95,115,30.2,7.3,NA,NA,NA,NA,NA,NA,NA,NA,NA,NA,NA,NA,"0","0",NA,"None","Type2",NA,NA,NA,NA,64,0,0
"R258","SAMN41425609",68,"Male","DCD",1.7,65,22.5,5.5,NA,NA,NA,NA,NA,NA,NA,NA,NA,NA,NA,NA,"0","0",NA,"None","None",100,NA,0,NA,16,100937,0
"R259","SAMN41425610",45,"Female","NDD",1.6,84.8,33.1,6.4,NA,NA,NA,NA,NA,NA,NA,NA,NA,NA,NA,NA,"0","1",NA,"Type2","Type2",68,1.88,9.21,0.78,16,223361,2056.38
"R260","SAMN41425611",73,"Male","NDD",1.85,91.9,26.9,6.2,NA,NA,NA,NA,NA,NA,NA,NA,NA,NA,NA,NA,"0","0",NA,"None","Pre.T2D",60,0.79,18.69,14.29,15,203810,3809.37
"R261","SAMN41425612",27,"Female","NDD",1.45,51.7,24.6,5.8,NA,NA,NA,NA,NA,NA,NA,NA,NA,NA,NA,NA,"0","0",NA,"None","Pre.T2D",NA,NA,NA,NA,NA,NA,0
"R262","SAMN41425613",54,"Female","NDD",1.65,61,22.4,5.6,NA,NA,NA,NA,NA,NA,NA,NA,NA,NA,NA,NA,"0","1",NA,"Type2","Type2",60,1.4,8.58,0.77,18,170682.7,1463.92
"R263","SAMN41425614",71,"Male","NDD",1.8,124,38.3,7.6,NA,NA,NA,NA,NA,NA,NA,NA,NA,NA,NA,NA,"0","1",NA,"Type2","Type2",56,0.8,10.8,0.68,15,179400,1938.13
"R264","SAMN41425615",44,"Male","NDD",1.78,107,33.8,5.7,NA,NA,NA,NA,NA,NA,NA,NA,NA,NA,NA,NA,"0","0",NA,"None","None",64,0.83,6.93,1.13,40,365359,2530.55
"R265","SAMN41425616",64,"Male","DCD",1.69,107.6,37.7,6.6,NA,NA,NA,NA,NA,NA,NA,NA,NA,NA,NA,NA,"0","0",NA,"None","Type2",63,0.82,13.09,2.32,18,185349,2425.5
"R266","SAMN41425617",74,"Female","NDD",1.57,72,29.2,6,NA,NA,NA,NA,NA,NA,NA,NA,NA,NA,NA,NA,"0","0",NA,"None","Pre.T2D",109,0.99,13.3,1.82,80,250500,3331.64
"R267","SAMN41425618",67,"Female","NDD",1.59,60,23.7,6.3,"24, 68","35, 38","4, 6",NA,"4, 12",NA,"8, 8","8, 4","3, 4","3, 14","1, 2",NA,"0","0","Negative","None","Pre.T2D",102,0.67,25.46,4.92,87,213180.5,5427.09
"R268","SAMN41425619",48,"Female","NDD",1.73,87.5,29.2,5.4,NA,NA,NA,NA,NA,NA,NA,NA,NA,NA,NA,NA,"0","0",NA,"None","None",68,0.81,10.23,1.63,20,185228,1895.58
"R269","SAMN41425620",14,"Male","DCD",1.67,60,21.5,NA,NA,NA,NA,NA,NA,NA,NA,NA,NA,NA,NA,NA,"0","0",NA,"None","None",NA,NA,NA,NA,45,NA,0
"R270","SAMN41425621",35,"Female","NDD",1.71,74.5,25.5,5.3,"2, 3","62, 44","6, 4",NA,"9, 5",NA,"13, 8","6, 4","1, 4","04;01","1, 1",NA,"0","0","Positive","None","None",92,0.92,28.15,4.76,68,240122,6760.08
"R271","SAMN41425622",60,"Female","NDD",1.7,75.1,26,5.5,"1, 2","8, 60","6, 6",NA,"7, 10","4, 15","53, 51","7, 6","1, 3","04;01, 11","1, 2",NA,"0","0","Positive","None","None",71,1.96,20.74,6.15,90,3e+05,6221.79
"R272","SAMN41425623",56,"Male","NDD",1.8,87,26.8518518518519,5.6,"2, 33","44, 51","4, 4",NA,"2, 15",NA,"1, 13","5, 6","1, 1","04;01, 04;02","1, 1",NA,"0","0","Positive","None","None",66,1.58,9.95,1.41,14,246533,2452.21
"R273","SAMN41425624",53,"Male","NDD",1.78,100,31.561671506123,NA,"2, 31","7, 60","6, 6","03(10), 07:XX","10, 7",NA,"4, 15","8, 6","1, 3","04;01","DP6",NA,"0","0","Positive","None","None",73,0.79,12.27,1.33,42,114007,1398.93
"R274","SAMN41425625",42,"Male","DCD",1.78,80,25.2,NA,NA,NA,NA,NA,NA,NA,NA,NA,NA,NA,NA,NA,"0","0",NA,"None","None",75,0.56,32.64,3.88,44,176657,5765.68
"R275","SAMN41425626",46,"Male","DCD",1.82,95,28.7,4.5,"2,2","18,18","6,6","7,7",NA,"7,11","52,53","2(2);3(7)","0201(2);05(5)","0101;10","02(2);02(2)",NA,"0","0","Negative","None","None",43,0.49,18.7,2.94,18,94297,1763.57
"R276","SAMN41425627",54,"Female","NDD",1.62,64,24.4,7.2,"2, 29","13, 46","4, 6",NA,"1, 6",NA,"9, 15","9, 5","1, 3","04;01, 5","1, 2","DR53 present  DR51 present","0","1","Positive","Type2","Type2",85,0.8,27.61,3.7,20,172924,4775.23
"R277","SAMN41425628",47,"Male","NDD",1.65,92,33.8,5.6,"11, 34","38, 60","4, 6",NA,"4, 7",NA,"11, 15","7, 5","1, 5","1, 5","2, 2","DR52 present  DR51 present","0","0","Negative","None","None",75,1.26,10.61,3.4,18,239131,2537.68
"R278","SAMN41425629",57,"Male","NDD",1.78,87.6,27.6,5.7,"2, 24","27, 51","4, 4",NA,"2, 14",NA,"17, 4 DRW - 52, 53","2, 8","5, 3","04;01, 04;02","1, 1",NA,"0","0","Positive","None","None",95,0.99,31.79,11.99,18,301322,9578.77
"R279","SAMN41425630",31,"Male","NDD",1.81,74,22.6,5,NA,NA,NA,NA,NA,NA,NA,NA,NA,NA,NA,NA,"0","0",NA,"None","None",105,1.57,18.63,3.72,20,209723,3907.48
"R280","SAMN41425631",17,"Female","NDD",1.79,85,26.528510346119,5.2,NA,NA,NA,NA,NA,NA,NA,NA,NA,NA,NA,NA,"0","0",NA,"None","None",53,0.95,23.45,2.42,44,52266,1225.74
"R281","SAMN41425632",30,"Female","NDD",1.67,70,25.0995015956112,NA,"2, 33","65, 35","6, 6",NA,"4, 8",NA,"17, 16","2, 5 (DQ)",NA,NA,NA,"DRw - 52, 51","0","0","Positive","None","None",95,2.02,8.62,2.29,18,58621,505.29
"R282","SAMN41425633",57,"Male","NDD",1.86,91.5,26.4,6,"2, 2","38, 51","4","12, 16",NA,"03, 04","04, 13","7, 6","01:03","02;01, 04;02","01;03, 01;03",NA,"0","0","Positive","None","Pre.T2D",76,1.24,19.06,7.04,39,348335.46,6637.73
"R283","SAMN41425634",22,"Male","NDD",1.66,62,22.5,NA,"1,2","51,51","4,4",NA,"15,15",NA,"1,13",NA,"5, 6","01:03, 01;03","02;01, 04;01",NA,"0","0","Negative","None","None",103,0.81,15.09,4.05,15,217185,3276.74
"R284","SAMN41425635",32,"Female","NDD",1.56,73.2,30.1,5.9,"2, 68","60, 51","6, 4",NA,"10, 16","4, 15",NA,"8, 6","1, 3","04;01, 13","1, 2","DR53 and DR51 present","0","0","Positive","None","Pre.T2D",78,1.32,14.57,1.55,44,291400,4245.23
"R285","SAMN41425636",19,"Male","NDD",1.8,70,21.6,5.4,"24, 68","62, 71","4, 6",NA,"1, 10","17, 4","52, 52","2, 8","3, 5","1, 04;02","1, 2",NA,"0","0","Negative","None","None",100,NA,0,NA,20,35000,0
"R286","SAMN41425637",41,"Male","NDD",1.8,66,20.4,5.2,"3, -","7,7","6, 6",NA,"7, 7",NA,"8, 15","4, 6","1, 4",NA,"04;01, 04;02, 1, -","DRW 51, -","0","0","Negative","None","None",72,0.67,5.66,0.93,15,285281,1615.36
"R287","SAMN41425638",44,"Male","NDD",1.9,118,32.7,NA,"1,2","51, 57","4,4",NA,"6, 15","4, 7","53, -","2, 8","2, 3","3, 04;01","1, --",NA,"0","0","Negative","None","None",NA,NA,NA,NA,NA,NA,0
"R288","SAMN41425639",69,"Female","NDD",1.46,59,27.7,5.7,"1, 30","8, 44","4, 6",NA,"5, 7","17, 13","52, --","2, 8","01;05","04;01, --","01;03, --",NA,"0","0","Negative","None","None",91,0.7,19.47,5.93,22,255659,4976.59
"R290","SAMN41425641",74,"Female","NDD",1.68,101,35.8,5.9,"11, 23","18, 65","6, -",NA,"7, 8","13, 14","52, 52","5, 6","01, 01;02","03, 01P,  05,01","01;03, 02;01",NA,"0","0","Negative","None","Pre.T2D",49,0.83,26.34,2.35,90,253087,6667.36
"R291","SAMN41425642",40,"Female","NDD",1.75,78,25.5,6,"2,31","35, 50, 51",NA,"4, 15",NA,NA,"13, 52","6","1","02;01, 03","1",NA,"0","0","Negative","None","Pre.T2D",62,0.6,11.03,2.61,88,240460,2652.47
"R292","SAMN41425643",47,"Male","NDD",1.75,84.4,27.6,5.6,"2, 29","7, 60","6",NA,"10, 15","1, 12",NA,"5, 6","1","04;02, 10","2, 3","DR52 present","0","0","Positive","None","None",99,1.6,10.24,3.96,16,455623,4665.67
"R293","SAMN41425644",66,"Male","NDD",1.8,82,25.3,5.5,"3, 26","62, 44","4, 6",NA,"9, 5",NA,"4, 11, 52, 53","7, 7","3, 5","04;01, 04;01","1, 1",NA,"0","0","Negative","None","None",NA,NA,NA,NA,NA,NA,0
"R294","SAMN41425645",32,"Male","NDD",1.82,92,27.8,5.7,"1, 11","35, 52","6, 4",NA,"4, 12",NA,"13, 13","6, 6","1, 1","02;01, 04;01","1, -",NA,"0","0","Negative","None","None",NA,NA,NA,NA,13,NA,0
"R295","SAMN41425646",41,"Male","DCD",1.78,89.7,28.3,NA,"2, 32","62, 51","6, 4",NA,"9, 15","9, 11",NA,"7, 9","3, 5","04;01, 04;01","1, 1",NA,"0","0","Positive","None","None",NA,NA,NA,NA,NA,NA,0
"R296","SAMN41425647",50,"Female","NDD",1.73,71.4,23.9,6.3,"2, 11","44, 51","BW4 Positive BW6 Negative","05, 15",NA,NA,"4, 15","6, 7","01, 03","03:01, 04:01",NA,"DR51 51   DR52 N-Negative   DR53 53","0","0","Positive","None","Pre.T2D",NA,NA,NA,0.02,NA,0,89.17
"R297","SAMN41425648",69,"Male","NDD",1.7,78.5,27.2,NA,"2,-","60, 44","6, 4",NA,"10, 16","11, 15",NA,"7, 6","1, 5","04;01, 3","1, -","DR52 - present  DR51 - present","0","0","Negative","None","None",98,0.95,7.49,1.92,12,205737,1541.89
"R298","SAMN41425649",40,"Male","MAID",1.73,86,28.7,NA,"1, 24","8, 27","6, 4",NA,"2, 7",NA,"1, 17","2, 5","1, 5","04:01, --","1, --","DRB3 - DR52 present","0","0","Negative","None","None",NA,NA,NA,NA,NA,NA,0
"R299","SAMN41425650",44,"Female","NDD",1.57,62.5,25.4,4.7,"11,68","14 (65), 35",NA,"4, 8",NA,"7, 13",NA,"2, 6","1, 2","02;01, 05;01","01;01, 02;01","AW4/BW4/6,6  DRB3 \4\5, 3 (52, 4(53)","0","0","Negative","None","None",96,0.8,39.86,15.3,31,133100,5305.52
"R300","SAMN41425651",30,"Female","NDD",1.59,64,25.3,NA,"1, 30","8, 18","6, 6",NA,"5, 7",NA,"17, 17","2, 2","5, 5","02;02","01;03",NA,"0","0","Negative","None","None",89,1.47,11.52,1.03,40,145563,1676.41
"R301","SAMN41425652",18,"Male","NDD",1.7,55,19,5,"2, -","65, 49","6, 4",NA,"7, 8",NA,"11, 13","7, 6","5, 1","02;01, 04;01","1, -","DRW - 52, 52","0","0","Positive","None","None",106,0.92,15.14,2.89,36,226173,3423.24
"R302","SAMN41425653",62,"Female","NDD",1.63,85.7,32.3,6.2,NA,NA,NA,NA,NA,NA,NA,NA,NA,NA,NA,NA,"0","0",NA,"None","Pre.T2D",116,1.77,14.75,1.58,17,164553,2426.52
"R303","SAMN41425654",56,"Female","NDD",1.63,64,24.1,NA,"2, -","62, 35","6, 6",NA,"9, 4",NA,"1, 4","8, 5","1, 3","04;01, --","1,1","DR53 present","0","0","Positive","None","None",83,0.75,20.17,2.58,16,184856,3728.36
"R304","SAMN41425655",46,"Male","DCD",1.79,69,21.5,NA,NA,NA,NA,NA,NA,NA,NA,NA,NA,NA,NA,NA,"0","0",NA,"None","None",100,0.44,17.26,1.36,15,70903,1223.6
"R305","SAMN41425656",60,"Male","NDD",1.8,68.2,21,5.6,"11, 31","8, 44","6, 4",NA,"5, 7","17, 4",NA,"2, 7","5, 3","1, 04;01","1, 2","DR52 present  DR53 present","0","0","Negative","None","None",53,0.62,61.35,8.87,84,142136,8720.53
"R306","SAMN41425657",22,"Female","NDD",1.57,52,21.1,5.3,"1, 3","8, 65","6, 6",NA,"7, 8","15, 15","51, --","6, 6","1, 1","1, 01;02","1, 1",NA,"0","0","Negative","None","None",98,0.67,7.71,2.69,20,149645,1153.5
"R307","SAMN41425658",43,"Male","NDD",1.72,75,25.4,6.5,"02, 03","40, 58","4, 6",NA,"03, 03","03, 16",NA,"02, 05","01, 05",NA,"02, 02",NA,"0","1","Negative","Type2","Type2",82,0.79,13.73,2.93,30,398169,5468.38
"R308","SAMN41425659",20,"Male","NDD",1.8,64,19.8,5.5,"3, 23","7, 44","6, 4",NA,"4, 7","01:XX, 07:XX","1, 7","02:XX, 05:XX","01:XX, 02:01","04:01, 04:02","01:03, 01:03",NA,"0","0","Negative","None","None",97,0.95,11.58,2.7,88,126348,1462.96
"R309","SAMN41425660",47,"Female","NDD",1.62,72,27.4,5.5,"2 ,3","7, 60","6, 6",NA,"10, 7",NA,"5, 15","8, 6","1, 3","04;01, 04;01","1, 1","DRW - 53, 51","0","0","Negative","None","None",107,0.59,9.42,3.03,67,245223,2310.55
"R310","SAMN41425661",25,"Male","NDD",1.78,83.7,26.4,5.4,"02, 31","7, 60",NA,NA,"10, 7","13, 15",NA,"6, 6","1, 1","0401, 5","1, 2","DRB3 - 52, --","0","0","Negative","None","None",85,0.67,14.06,4.89,89,467217,6567.83
"R311","SAMN41425662",35,"Female","NDD",1.66,66,24,5.5,"1,2","37, 57",NA,"6, 6",NA,"7, 8",NA,"9, 4","2, 4","1, 10","2, 2",NA,"0","0","Negative","None","None",100,0.49,NA,NA,65,39139,NA
"R312","SAMN41425663",52,"Female","NDD",1.65,75,27.5,9.3,"2, 2","62, 27","4, 6",NA,"2, 9","52, 53","9, 13","9, 6","1, 3","04;01, 04;01","1, 1",NA,"0","1","Positive","Type2","Type2",105,1,0,NA,17,26000,0
"R313","SAMN41425664",41,"Male","NDD",1.8,94,29,5.5,"23, 68","65, 71","4, 6",NA,"10, 18","7, 11",NA,"2, 6","1, 2","1, 02;01","1, 2","DR53 Present","0","0","Negative","None","None",NA,NA,NA,NA,87,NA,0
"R314","SAMN41425665",31,"Female","NDD",1.7,87.6,30.3,5,"31, 68","7, 60","6, 6",NA,"10, 17","11, 15",NA,"7, 6","1, 5","04;01, 04;01","1, --","DR52 Present  DR51 Present","0","0","Negative","None","None",92,1.16,14.17,3.16,12,172187,2440.48
"R315","SAMN41425666",59,"Male","NDD",1.76,93.3,30.1,NA,"3, 3","7, --","6, --",NA,"7, 7","15, 15","51, --","6, 6","1, --","04;01, --","1, 1",NA,"0","0","Negative","None","None",NA,NA,NA,NA,NA,NA,0
"R316","SAMN41425667",52,"Male","NDD",1.82,86.2,26,5.7,"2, --","60, 40","6, 4",NA,"10, 5","4, 12",NA,"7, 8","3, 5","04;02, --","1, --","DR52 Present  DR53 Present","0","0","Positive","None","None",89,0.76,35.77,4,88,167026,5974.33
"R317","SAMN41425668",54,"Male","NDD",1.8,85.5,26.4,5.1,"2, 68","7, 65","6, 6",NA,"7, 8","8, 13",NA,"7, 4","4, 5","04;01, --","1, --","DRB3 - present","0","0","Positive","None","None",70,2.48,11.93,1.55,64,238239,2841.25
"R318","SAMN11605767",54,"Male","NDD",1.85,70,20.5,5,"2, 23","39, 45","6, 46",NA,"6, 7","4, --",NA,"8, --","3, --","1, 04;01","1, 2","DR53 Present","0","0","Positive","None","None",86,0.91,16.85,5.18,16,300946,5071.99
"R319","SAMN11864645",68,"Male","NDD",1.78,88,27.8,5,"1, 31","7, 51","6, 4",NA,"5, 7",NA,"4, 15","8, 6","1, 3","3, 04;02","1, 2",NA,"0","0","Negative","None","None",90,0.63,22.61,6.42,18,405584,9168.77
"R320","SAMN11998640",58,"Male","DCD",1.84,67.3,19.9,NA,"1, 31","7, 62","6, 6",NA,"9, 7","7, 15",NA,"2, 6","1, 1","11, 15","1, 2","DR53 Present, DR51 Present","0","0","Negative","None","None",77,0.28,24.07,0.24,17,30931,744.36
"R321","SAMN11998910",25,"Female","NDD",1.65,86,31.6,4.5,"1, 29","44, 57","4, 4",NA,"6, 16","11, 11",NA,"7, --","5, --","04;01, --","1, --","DR52 Present","0","0","Negative","None","None",78,2.66,5.26,0.42,16,116982,615.6
"R322","SAMN12044342",44,"Female","NDD",1.58,58,23.2,4.9,"11, 30","7, 42","6, 6",NA,"7, 17","17, 11",NA,"2, 6","1, 5","04;01, 15","1,1","DR52 Present","0","0","Negative","None","None",120,0.92,11.89,3.96,20,317855,3779.18
"R323","SAMN12070344",60,"Female","DCD",1.64,67.1,24.9,5.1,"2, 24","7, 60","6, 46",NA,"10, 7","13, 13",NA,"6, 6","1, 1","02;01, 3","1, 1","DR52 Present","0","0","Positive","None","None",57,0.36,21.66,20.24,44,90809,1966.94
"R324","SAMN12091235",58,"Male","NDD",1.78,116,36.6,5.1,"2, 29","7, 56","6, 6",NA,"1, 7","1, 14",NA,"05, 05","01, 01","04;01, 04;01","01;03, 01;03","DR52 Present","0","0","Positive","None","None",60,0.77,22.97,1.82,18,181891,4178.72
"R325","SAMN12129274",50,"Male","NDD",1.68,85.5,30.3,NA,"11, 29","52, 57","4, 4",NA,"12, 15","10,14",NA,"5, 5","1, 1","02;01, 0401","1, 1",NA,"0","0","Negative","None","None",53,1.45,23.85,2.14,18,388219,9260.8
"R326","SAMN12172826",26,"Male","NDD",1.72,80,27,5.5,"1, 11","13, 35","4, 6",NA,"4, 6","17, 8",NA,"2, 7","5, 6","02;01, 3","1, 1","DR52 Present","0","0","Negative","None","None",98,1.22,22.77,3.83,38,386802,8808.57
"R327","SAMN12220836",57,"Male","NDD",1.85,116,33.9,5.8,"23, 24","44, 44","4, 6",NA,"4, 16","7, 7",NA,"2, 2","2, 2","04;01, 11","1, 2","DR53 Present","0","0","Negative","None","Pre.T2D",71,0.99,11.36,2.68,68,346863,3939.49
"R328","SAMN12275697",48,"Male","NDD",1.84,76.8,22.7,5.2,"2, 68","64, 44","6, 4",NA,"7, 8","7, 13",NA,"2, 6","1, 2","02;01, 04;01","1, 2","DR52 Present, DR53 Present","0","0","Positive","None","None",44,0.7,40.78,3.5,62,114771,4680.29
"R329","SAMN12289866",35,"Male","DCD",1.8,81,25,5.5,"1, 24","62, 37","6, 4",NA,"9, 6","11, 11","52","7, 7","5","04;02, 04;02","1",NA,"0","0","Negative","None","None",NA,NA,NA,NA,NA,NA,NA
"R330","SAMN12496597",39,"Female","NDD",1.65,66,24.2,5.1,"01, 02","14(64), 44","4, 6","05, 08",NA,"01 (103), 04",NA,"03(07), 05","01, 03","04;01, 04;01","01;03, 01;03","DR53 Present","0","0","Negative","None","None",73,0.85,18.12,3.87,33,242318,4391.17
"R331","SAMN12531013",68,"Male","NDD",1.75,87.2,28.5,NA,"25, 32","7, 18","6, 6",NA,"7, 12","15, 15",NA,"06, 06","01:02, 01:02","04:01, 23:01","01:03, 01:03",NA,"0","1","Negative","Type2","Type2",72,0.48,36.91,8.39,15,70238,2592.78
"R332","SAMN12574735",64,"Male","NDD",1.65,80.6,29.6,4.8,"1, 29","8, 44","6, 4",NA,"7, 16","11, 7","52, 53","7, 2","5, 2","1","04;02, 16",NA,"0","0","Negative","None","None",64,1.02,26.35,2.2,11,254117,6697.22
"R333","SAMN12586009",23,"Male","NDD",1.78,76.2,24,5,"29, 29","44, 45","4, 6","6, 16",NA,"1, 7","53","2, 5","1, 2","04;01, 17","1, 2",NA,"0","0","Negative","None","None",49,0.51,34.08,2.92,88,85007,2897.44
"R334","SAMN12595130",50,"Female","NDD",1.67,86.9,31.2,5.8,"1, 1","8, 55","6, 6",NA,"9, 7","17, 7","52","2, 2","2, 5","04;01, 20","1,1",NA,"0","0","Negative","None","Pre.T2D",65,0.85,28.42,1.31,39,130568,3710.39
"R335","SAMN12649809",25,"Male","NDD",1.76,76.1,24.6,4.9,"2, 3","44, 55","4, 6","1, 5",NA,"4, 14","52, 53","8, 5","1, 3","04;01, 04;01","1, 1",NA,"0","0","Positive","None","None",70,1.12,11.78,1.11,16,195272,2300.7
"R336","SAMN12705698",73,"Female","NDD",1.75,95.2,31.1,5.4,"1, 68","8, 62","6, 6",NA,"9, 7","17, 13",NA,"2, 6","1, 5","02;01, 04;01","1, --","DR52 Present","0","0","Negative","None","None",100,NA,0,NA,0,278932,0
"R337","SAMN41425669",51,"Female","NDD",1.71,109.4,37.4,5.6,"3, 3","65, 51",NA,"8, 16",NA,"4, 12",NA,"7, 7","3, 5","02;01, 04;01","1, 1","DR52 Present, DR53 Present","0","0","Negative","None","None",NA,NA,NA,NA,NA,0,0
"R338","SAMN12731217",30,"Male","DCD",1.75,78.2,25.5,5.3,"2, 25","18, 51",NA,"12, 14",NA,"4, 15",NA,"8, 6","1, 3","5, 04:02","1, 2",NA,"0","0","Positive","None","None",86,0.65,23.69,3.5,18,210225,4980.16
"R340","SAMN12781046",36,"Male","NDD",1.8,75.6,23.3,5.3,"1, 24","8, 37","4, 6",NA,"7, 6","17, 13",NA,"2, 6","5, 1","1, 02;01","1,2","DR52 Present","0","0","Negative","None","None",69,0.69,34.41,13.91,16,172756,5944.6
"R341","SAMN12828004",42,"Male","NDD",1.79,96.2,30,NA,"1, 33","8, 65","6, 6","7, 8",NA,"1, 17",NA,"2, 5","1, 5","04;01, 17","1, 2",NA,"0","0","Negative","None","None",59,0.69,25.95,2.69,36,326289,8468.71
"R342","SAMN12873195",35,"Male","NDD",1.75,76.9,25.1,5.5,"11, 24","62, 62",NA,"9, 4",NA,"4, 4",NA,"8, 4","3, 3","02;01, 13","1, 2","DR53 Present","0","0","Negative","None","None",88,0.63,32.02,2.87,66,147925,4737.18
"R343","SAMN12876275",53,"Female","NDD",1.6,84,32.8,5.7,"2, 3","35, 39","6, 6",NA,"4, 7","1, 8",NA,"5, 4","1, 4","04;01, 04;02","1, 1",NA,"0","0","Positive","None","None",86,2.12,94.47,2.44,17,55989,5289.38
"R344","SAMN12984590",59,"Male","NDD",1.8,90,27.8,5.5,"26, 29","60, 53","5, 4",NA,"10, 4","4, 13",NA,"5, 5","1, 3","04;02, 5","1, 2","DR52 Present, DR53 Present","0","0","Negative","None","None",92,0.79,32.1,3.77,42,349235,11210.85
"R345","SAMN13000016",66,"Male","NDD",1.81,96,29.3,6.3,"2, 32","27, 44","4, 4","1, 5",NA,"8, 11",NA,"7, 4","4, 5","02;01, 04;01","1, 1","DR52 Present","0","1","Positive","Type2","Type2",53,0.77,70.9,4.05,15,165306,11719.48
"R346","SAMN13065544",27,"Male","NDD",1.77,77,24.6,5.7,"1, 31","37, 51","4, -",NA,"6, 14",NA,"9, 15","7, 9","3, 5","04;02, 04;02","1, 1","DR51 Present, DR53 Present","0","0","Negative","None","None",55,0.85,34.31,3.28,47,215514,7393.55
"R347","SAMN13134751",57,"Male","NDD",1.8,90.4,27.9,6.3,"1, 3","57, 57","4, -",NA,"6, 6","7, 7",NA,"9, 9","1, 1","1, 14","2, 2",NA,"0","1","Negative","Type2","Type2",84,0.63,46.95,3.24,67,128535,6035.11
"R348","SAMN13141063",43,"Female","NDD",1.73,49,16.4,5.7,"2, 24","62, 50","6, 6",NA,"9, 6","03;01, 8","17, 8","2, 4","4, 5","04;01, 10;01","01;03, 02;01",NA,"0","0","Positive","None","None",52,0.85,27.24,2.22,32,237309,6464.94
"R349","SAMN13226820",63,"Male","NDD",1.84,134,39.6,5.7,"2, 2","39, 60","6, 6",NA,"10, 7",NA,"8, 8","7, 4","6, 4","04;01, --","1, --",NA,"0","1","Positive","Type2","Type2",54,0.63,10.75,0.21,17,133022,1429.8
"R350","SAMN13333248",38,"Female","NDD",1.62,57,21.7,5.5,"1, 25","8, 27","6, 4",NA,"1, 7",NA,"17, 4","2, 3","1, 3","02;01, 09;01","01;03, 02;01","DR52 Present, DR53 present","0","0","Negative","None","None",67,0.64,28.89,2.67,13,88159,2546.63
"R351","SAMN41425670",51,"Male","NDD",1.83,71.7,21.4,4.8,"1, 2","8, 44","6, 4",NA,"5, 7","17, 12",NA,"2, 7","5, 5","1, 02;01","1, 2","DR52 Present","0","0","Positive","None","None",NA,NA,NA,NA,NA,NA,0
"R352","SAMN13440885",64,"Female","NDD",1.6,52.3,20.4,5.3,"1, 68","65, 35","6, 6",NA,"8, 16","4, 13",NA,"7, 8","3, 5","02,01; 04,01","1, --","DR52 Present, DR53 Present","0","0","Negative","None","None",40,0.67,30.55,4.12,16,139838,4272.01
"R353","SAMN13490043",69,"Male","NDD",1.73,68,22.7,NA,"2, 2","51, 51","4, 4",NA,"16, 16","7, 11",NA,"2, 7","02;01, 05;--","10, 15","01;03, 02;01","DRW52 present, DRW53 present","0","0","Positive","None","None",74,0.69,41.19,7.76,105,216621.9,8922.91
"R354","SAMN13575961",75,"Male","NDD",1.81,99,30.2,5.2,"24, 29","62, 44","6, 4",NA,"9, 16","4, 7",NA,"02, 03;01","02, 03","04;01, 04;02","01;03, 01;03","DR52 present","0","0","Negative","None","None",99,1.02,15.16,2.95,65,588444,8922.91
"R355","SAMN13850698",79,"Male","NDD",1.7,68,23.5,5.2,"2, 33","65, 44","6, 4",NA,"8, 16","1, 7",NA,"2, 5","01, 02;01","01:01; 04:01","01:03; 02:01","DR53 present","0","0","Positive","None","None",72,0.6,13.39,2.09,38,138810,1858.37
"R356","SAMN13928327",45,"Female","NDD",1.56,72.3,29.7,5.1,"2, 11","51, 53","4, 4",NA,"4, 14",NA,"8, 13","4, 6",NA,NA,NA,"DR52 present","0","0","Positive","None","None",100,0.63,8.99,1.27,4,102170,919
"R357","SAMN14052572",64,"Male","MAID",1.67,67.8,24.3,NA,"11, 24","18, 44",NA,"4, 12",NA,"7, 11",NA,"2, 7","2, 5","5, 5","2, 2","DR52 present  DR53 present","0","0","Negative","None","None",92,0.48,9.51,1.43,19,180750,1719.28
"R358","SAMN14089267",58,"Male","MAID",1.83,109,32.5,5.4,"3, 24","7, 35","6, 6",NA,"7, 7",NA,"14, 15","5, 6","1, 1","0201, 16","1, 1","DR52 present, DR53 present","0","0","Negative","None","None",94,0.76,6.43,0.62,12,299486,1924.9
"R359","SAMN14140194",49,"Male","DCD",1.72,85.5,28.9,6.1,NA,NA,NA,NA,NA,NA,NA,NA,NA,NA,NA,"No HLA was provided on the HLA report.  See attached file.","0","0",NA,"None","Pre.T2D",NA,NA,NA,NA,NA,NA,0
"R360","SAMN14146088",51,"Female","NDD",1.75,80,26.1,4.9,"3, 26","7, 45","6, 6",NA,"6,7","8, 14",NA,"4, 5","1, 4","02;01, 04;01","03;01, 03;01","DR52 present","0","0","Negative","None","None",100,NA,0,NA,6,123540,0
"R361","SAMN14173687",65,"Female","NDD",1.55,50,20.8,5.3,"2, 26","62, 35","6, 6",NA,"9, 12","11, 13",NA,"03:01; 06","1, 5","04:01; 10:01","01:03; 02:01","DRw: 52 - Present","0","0","Positive","None","None",72,0.57,4.37,0.81,64,242355,1058.78
"R362","SAMN14291396",54,"Male","NDD",1.75,90,29.4,NA,"24, 25","7, 18","4, 6",NA,"7, 12","4, 15","53, 51","8, 6","3, 1","04;01, 04;02","1, 1",NA,"0","0","Negative","None","None",73,0.73,6.97,1.22,19,246544,1719.08
"R363","SAMN14309719",31,"Male","NDD",1.75,97.6,31.9,5.1,"3, 32","44, 49","4, -",NA,"5, 7","13, 15","52, 51","6, 6","1, 1","3, 04;01","1, 1",NA,"0","0","Negative","None","None",65,1.69,4.72,0.75,18.5,332610,1570.62
"R364","SAMN14338046",58,"Male","NDD",1.75,85,27.8,5.4,"11, 11","51, 55",NA,"9, 4",NA,"11, 16","02, 02","7, 5","01, 05","02;01, 04;01","01,01","DR52 Present","0","0","Negative","None","None",NA,NA,NA,NA,43,NA,0
"R365","SAMN15239415",31,"Female","NDD",1.67,56.5,20.3,4.8,"1, 2","35, 55","-, 6",NA,"9, 14","52, -","14, 14","5, 5","1, 1","01;01, 04;02","1, 1","DRw52 - Present","0","0","Positive","None","None",73,0.81,44.32,7.01,88,227645,10088.8
"R366","SAMN15518436",31,"Male","NDD",1.78,83,26.2,5.3,"11, 26","8, 50","6, 6",NA,"6, 7",NA,"17, 7","2, 2","5, 5","04;01, 04;01","1","DR52-present, DR53-present","0","0","Negative","None","None",53,0.42,162.91,3.95,18,80626,13134.6
"R367","SAMN15518439",58,"Female","NDD",1.64,82,30.5,5.6,"29, 31","18, 44","6, 4",NA,"7, 16",NA,"7, 15","4, 6","01, 02","06;01G, 04:01","01, 01","DR53 - Present, DR51-Present","0","0","Negative","None","None",57,0.67,49.86,1.8,37,79483,3962.7
"R368","SAMN15518440",60,"Male","DCD",1.75,54.2,17.7,5.1,"2, 32","8, 62","4, 6",NA,"10, 7","1, 17",NA,"2, 5","1, 5","04;01, 15","1, 1",NA,"0","0","Positive","None","None",NA,NA,NA,NA,NA,NA,0
"R369","SAMN15532324",66,"Male","NDD",1.73,76.5,25.6,4.9,"1, 2","8, 44","6, 4",NA,"5, 7","1, 17",NA,"2, 5","1, 5","02;01, 04;01","1, 1","DR52 Present","0","0","Positive","None","None",72,0.83,14.53,1.87,34,242275,3520.98
"R370","SAMN15533362",12,"Male","DCD",1.52,48,20.8,5,"1,2","8, 44","6, 4",NA,"5, 7",NA,"17, 12","2, 7","5, 5","04;01, 13;01","01, 02","DR52 - present","0","0","Negative","None","None",70,0.1,39.52,1.07,19,47267,1868.08
"R371","SAMN15729757",55,"Female","MAID",1.68,82.1,29.1,5.2,"2, 2","7, 7","6, 4",NA,"5, 7","4, 15",NA,"7, 8","1, 3","04;01, 04;01","1, --",NA,"0","0","Positive","None","None",67,0.71,5.64,0.43,65,98927,557.79
"R372","SAMN15729823",58,"Male","NDD",1.87,116,33.2,6.1,"1, 26","60, 61","6, 6",NA,"2, 10",NA,"11, 11","7, 7","5","04;01","1","DR52 - present","0","0","Negative","None","Pre.T2D",61,0.8,9.99,0.28,62,180155,1800.19
"R373","SAMN15671308",31,"Male","NDD",1.9,99.2,27.5,4.4,"1, 2","7, 8",NA,NA,"7, 7","7, 17","52, 51","2, 6","1, 5","04;01, 10","1, 2",NA,"0","0","Positive","None","None",87,0.89,6.08,0.65,30,196554,1195.73
"R374","SAMN15832518",34,"Male","NDD",1.75,75,24.5,5.1,"11, 24","35, 51","6, 4",NA,"4, 12","1, 4","53, -","5. 8","1, 3","04;01","1",NA,"0","0","Negative","None","None",99,0.36,0,NA,39,67170,0
"R375","SAMN16048764",28,"Male","DCD",2,99.6,24.9,4.5,"2","7","5","7",NA,"1, 15",NA,"5, 6","1","1","03;01, 04;01","DR51 - present","0","0","Negative","None","None",62,0.35,27.12,1.42,15,66498,1803.63
"R377","SAMN16091816",56,"Male","NDD",1.85,83,24.3,5.3,"3, 11","7, 47","4, 6",NA,"6, 7","4, 14",NA,"03;02, 5","1, 3","04;01, 13;01","1, 2","DR52 - present  DR53 - present","0","0","Negative","None","None",104,0.97,4.06,0.24,82,180458,732.82
"R379","SAMN16253841",41,"Male","NDD",1.88,120,34,5.1,"2, 3","62, 44","6, 4",NA,"10, 5","4, 4","53,","8, -","3, -","04;01, 04;02","1, -",NA,"0","0","Positive","None","None",100,2.57,6.29,0.69,32,367249,2311.39
"R381","SAMN1640683",47,"Male","NDD",1.87,115,32.9,NA,"3, 26","7, 64","6,6",NA,"7, 8","7, 15","53, 51","2, 6","1, 02;01","01;01, 04;01","01, 02",NA,"0","0","Negative","None","None",NA,NA,NA,NA,NA,NA,0
"R382","SAMN16454473",45,"Male","NDD",1.64,79.9,29.7,5.5,"11, 29","37, 56","4, 6",NA,"1, 6","1, 10",NA,"5, -","1, 1","3, 6","1, -",NA,"0","0","Negative","None","None",77,0.7,12.14,0.87,12,304296,3694.45
"R383","SAMN16457619",49,"Male","NDD",1.8,83.6,25.8,4,"3, 3","7, 7","6, 6",NA,"7, 7","1, 15",NA,"5, 6","1, 1","3, 04;01","1, 1","DR51 - present","0","0","Negative","None","None",84,0.91,25.23,0.77,38,134862,3403.07
"R384","SAMN16506995",32,"Female","DCD",1.68,86,30.5,5.2,"2, 32","64, 46","4, 6",NA,"1, 8",NA,"1, 8","5, 6","01, 01","02;02, 04;01","01, 02",NA,"0","0","Positive","None","None",NA,NA,NA,NA,NA,NA,0
"R385","SAMN16676686",47,"Male","NDD",1.84,105,31,5.1,"1, 3","8, 14","6, 6","7, 8",NA,"3, 7","52, 53","2","2, 5","03;01, 04;02","1",NA,"0","0","Negative","None","None",73,1.56,15.53,1.42,54.5,436116,6772.24
"R386","SAMN16676703",43,"Female","NDD",1.62,94,35.8,NA,"2, 23","65, 49","4, 6",NA,"7, 8","1, 11",NA,"03;01, 5","1, 5","04;01","01;03","DR52 - present","0","1","Positive","Type2","Type2",43,0.82,12.48,0.13,54.5,101154,1261.96
"R387","SAMN16688230",53,"Female","MAID",1.84,105,31,5.6,"2, 11","49, 55","4, 6",NA,"9, 7","01:03, 4","53","7, 5","1, 3","02:01, 15","1, 1",NA,"0","0","Positive","None","None",58,0.54,38.14,2.8,18,78444,2991.65
"R388","SAMN41425671",45,"Male","NDD",1.73,101.1,33.8,5.3,"3, 11","62, 63","6, 4",NA,"4, 7","13, 14","52","5, 6","1, 1","02:01, 04:01","1, 2",NA,"0","0","Negative","None","None",36,0.84,46.25,3.85,40,98219,4542.94
"R389","SAMN16826726",65,"Female","NDD",1.65,66.5,24.4,5.5,"2, 11","55, 57",NA,"9, 6",NA,"7, 7","53","2, 9","2, 2","04;01, 11","1, 2",NA,"0","0","Positive","None","None",82,0.78,26.03,2.42,18,204975,5335.5
"R390","SAMN16838226",3,"Male","NDD",0.88,15.3,19.8,3.1,"1, 2","7, 8","6, 6",NA,"7, 7","1, 16","51","5, 5","1, 1","04:01, 11","1, 2",NA,"0","0","Positive","None","None",165,0.76,13.07,1.72,22,38748,506.3
"R391","SAMN16885745",67,"Male","NDD",1.75,75,24.5,4.9,"2, 31","27, 35","4, 6",NA,"1, 4","1, 1",NA,"5, 5","1, 1","14, 20","1, 2",NA,"0","0","Positive","None","None",89,0.87,24.97,4.81,36,233724,5835.28
"R392","SAMN16927036",8,"Female","NDD",1.42,32,15.9,4.8,"25, 29","7, 62","46, 6",NA,"10, 7","17, 4","52, 53","2, 8","3, 5","1, 6","1, 2",NA,"0","0","Negative","None","None",98,0.79,9.74,1.28,18,48204,469.6
"R393","SAMN16956007",48,"Male","MAID",1.79,82.5,25.7,4.3,"24, 24","27, 52",NA,"12, 15",NA,"4, 11","52, 53","7, 8","3, 5","3, 04:01","1, 1",NA,"0","0","Negative","None","None",NA,NA,NA,0.46,NA,NA,1102.93
"R394","SAMN16988349",2,"Female","NDD",0.86,14,18.9,5.1,"1, 32","64, 52","6, 4",NA,"8, 12","7, 15","53","2, 6","1, 2","04;01, --","1, -",NA,"0","0","Negative","None","None",73,0.67,8.57,0.03,15,47151,404.25
"R395","SAMN17762820",28,"Female","NDD",1.73,94,31.4,3.6,"2, 3","13, 51","4, -",NA,"6, 14","4, 7","53, -","8, 2","3, 2","6, 17","1, 2",NA,"0","0","Positive","None","None",93,1.33,3.03,0.69,15,146174,443.63
"R396","SAMN17833617",32,"Male","NDD",1.79,79.9,24.9,4.5,"2, 3","7, 18","6, 6",NA,"5, 7","17, 15","52, 51","2, 6","1, 5","03;01, 02;02","1, 1",NA,"0","0","Positive","None","None",78,0.63,5.08,0.71,59.5,184905,938.81
"R397","SAMN17984956",59,"Male","DCD",1.8,108.7,33.5,5.5,"2, 29","7, 44","6, 4",NA,"7, 16","4, 7","53","2, 7","2, 3","3, 11","1, 2",NA,"0","0","Positive","None","None",NA,NA,NA,NA,NA,NA,0
"R398","SAMN18139385",51,"Female","MAID",1.6,65,25.4,3.5,"11, 11","65, 51","6, 4",NA,"8, 14","1, 4","53","8, 5","1, 3","02;01, 14","1, 2",NA,"0","0","Negative","None","None",99,1.1,6.1,1.78,5,317806,1938.79
"R399","SAMN18207297",47,"Male","NDD",1.83,135,40.3,5.5,"2, 3","7, 7","4, 6",NA,"7, 7","4, 7","53","03:01, 03:03","2, 3","04:01, 13:01","1, 2",NA,"0","0","Positive","None","None",60,1.46,5.5,0.64,36,400794,2204.29
"R400","SAMN18287934",68,"Male","NDD",1.7,75,26,4.9,"2","38, 44","4, 4",NA,"5, 12","4, 13","52, 53","7, 6","01;03, 03;03","02;01, 03;01","01;03",NA,"0","0","Negative","None","None",65,0.59,5.64,0.45,88,102690,579.66
"R401","SAMN18525790",51,"Male","NDD",1.85,128,37.4,6.4,"2, 31","7, 27","4, 6",NA,"2, 7","17, 12","52","2, 7","5, 5","02;01, 19","1, 2",NA,"0","1","Positive","Type2","Type2",40,0.8,11.95,0.5,38,64937,775.84
"R402","SAMN18633149",57,"Male","NDD",1.74,80.7,26.7,6,"3, 26","7, 7",NA,"7, 7",NA,"15, 15","51, 51","6, 6","1, 1","04;01, 6","1, 1",NA,"0","1","Negative","Type2","Type2",61,0.71,3.8,0.28,83,139938,532.29
"R403","SAMN18633151",35,"Female","NDD",1.64,100,37.2,5.7,"2, 2","13, 56","4, 6",NA,"1, 6","12, 15","52, 51","7, 6","1, 5","04;02, 10","1, 2",NA,"0","0","Positive","None","None",76,0.64,4.17,0.52,59,377228,1571.81
"R404","SAMN19796380",43,"Female","DCD",1.58,82.1,32.9,5,"1, 2","7, 57","6, 4",NA,"6, 7","7, 15","51","9, 6","01, 02","01, 01","04:01, 04:01",NA,"0","0","Positive","None","None",96,NA,0,NA,22,40000,0
"R405","SAMN19796386",40,"Male","NDD",1.77,99.4,31.7,5.4,"11, 32","37, 51","4, 6",NA,"6, 14","11, 15","52, 53","7, 6","5, 1","04:01, 04:01","1, 1",NA,"0","0","Negative","None","None",100,1.83,3.95,0.35,8,146111,577.2
"R406","SAMN19813471",57,"Female","DCD",1.66,79,28.7,5.9,"2, 11","11, 35","6, 4",NA,"4, 4","1, 8","-, -","8, 5","1, 3","04;01, 10","1, 2",NA,"0","0","Positive","None","Pre.T2D",NA,NA,NA,NA,20,NA,0
"R407","SAMN19859645",58,"Male","NDD",1.71,80,27.4,5.5,"3, 29","39, 44",NA,"7, 16",NA,"1, 7","53","2, 5","1, 2","1, 3","1, 2",NA,"0","0","Negative","None","None",68,1.08,5.44,0.61,29,167896,913.32
"R408","SAMN19918921",39,"Male","NDD",1.77,86.3,27.5,5.6,"2, 23","49, 50","4, 6",NA,"6, 7","11, 13","52","7, 6","1, 2","02;01, 19","1, 2",NA,"0","0","Positive","None","None",67,0.87,9.49,1.18,31,251111,2381.98
"R409","SAMN20170217",9,"Male","NDD",1.39,35,18.1,NA,"2, 24","8, 35","4, 6",NA,"4, 7",NA,"17, 52","2, 2","5, 5","1, 02;01","1, 2",NA,"0","0","Positive","None","None",52,0.7,3.35,0.23,64,96741,323.83
"R410","SAMN20398597",59,"Female","MAID",1.7,76.3,26.4,4.8,"2, 3","35, 44","6, 4",NA,"4, 5","4, 4","53, 53","7, 7","3, 3","04;01, 04;01","1, 1",NA,"0","0","Positive","None","None",79,0.92,4.99,0.29,59,194900,973.1
"R411","SAMN20929980",29,"Male","NDD",1.8,84.1,26,4.8,"2, 24","62, 27",NA,"2, 9",NA,"14, 16","51, 52","5, 5","1, 1","02;01, 04;02","1, 1",NA,"0","0","Positive","None","None",81,0.59,10.92,0.23,58,80162,875.22
"R412","SAMN21362061",42,"Male","NDD",1.82,99.2,29.9,4.8,"1, 11","61, 55","6, 6",NA,"2, 9","4, 13","52, 53","8, 6","1, 3","02;01, 04;02","1",NA,"0","0","Negative","None","None",90,1.6,1.9,0.17,40,334356,634.84
"R413","SAMN21362088",41,"Male","NDD",1.75,103,33.6,5.6,"29, 30","44","4, 4",NA,"7, 16","1, 7","53","2, 5","1, 2","04;01, 11;01","1, 2",NA,"0","0","Negative","None","None",93,0.92,3.19,0.36,28,349339,1114.67
"R414","SAMN22458217",34,"Female","NDD",1.36,82.1,44.4,4.5,"2, 2","7, 51","6, 4",NA,"7, 14","11, 15","52, 51","6, 1","1, 5","02;01, 04;01","1, 1",NA,"0","0","Positive","None","None",241,0.61,8.54,0.88,48,145649,1244.23
"R415","SAMN22441940",32,"Male","NDD",1.84,90,26.6,5.9,"2, -","7, 61","6, -",NA,"2, 7","4, 15","53, 51","03:01, 06","1, 3","03:01, 04:01","01:03",NA,"0","0","Positive","None","Pre.T2D",89,1.05,23.66,2.2,15,223301,5283.33
"R416","SAMN22818361",77,"Male","NDD",1.7,58.7,20.3,5.5,"2, 3","8, 35","6, -","4, 7",NA,"1, 16","5","5, -","1, -","02;01, 04;01","01;03, -",NA,"0","0","Positive","None","None",95,0.72,8.12,0.98,89,190334.43,1544.6
"R417","SAMN22818379",48,"Male","NDD",1.79,88,27.5,5.8,"11, 23","18, 35","4, 6",NA,"7, 4","9, 15","53","3, 5","3, 1","02;01, 5","1, 2",NA,"0","0","Negative","None","Pre.T2D",86,0.93,6.63,1.39,37,193914.27,1286.42
"R418","SAMN22979838",44,"Male","DCD",1.7,101,34.9,5.4,"1, 2","8, 18","6, 6",NA,"7, 7","17, 11","52, 52","2, 7","5, 5","02;01, 04;01","1, -",NA,"0","0","Positive","None","None",113,1.21,5.5,0.26,102,165041,908.01
"R419","SAMN23011608",70,"Male","MAID",1.74,95.3,31.5,5.3,"2, 2","18, 27","6, 4",NA,"2, 7","14, 16","51, 52","5, 5","1, 1","04;02, 14","1, 2",NA,"0","0","Positive","None","None",54,0.6,8.56,0.61,30,136987,1172.15
"R420","SAMN23408101",55,"Male","NDD",1.88,83,23.5,5.8,"2, 34","7, 35","4, 6",NA,"7, 4","16, 8","51, -","4, 5","4, 1","04;01, 04;02","1, -",NA,"0","0","Positive","None","Pre.T2D",66,0.84,8.91,0.54,26,335940,2991.61
"R421","SAMN23491186",60,"Female","NDD",1.65,70.5,25.9,5.4,"3,24","18, 49","4, 6",NA,"7, 12","11, 13","52, 52","3,6","1, 5","04;01, 04;02","1, 1",NA,"0","0","Negative","None","None",73,1.24,8.1,0.94,19,273575,2217.29
"R422","SAMN23703346",54,"Male","MAID",1.83,100,29.9,5.4,"2, -","8, 44","6, 4",NA,"7, 5","3, 4","52","2, 3","5, 3","01;01, 04;01","1, 2",NA,"0","0","Positive","None","None",63,0.53,49,2.69,80,122166,5986.25
"R423","SAMN23703347",28,"Male","NDD",1.83,86.1,25.7,5.3,"1, 11","35, 45","6, 6",NA,"4, 6","1, 7",NA,"2, 5","1, 2","02;01, 04;01","1, 1",NA,"0","0","Negative","None","None",75,1.48,27.56,2.47,38,261650,7210.19
"R424","SAMN24247018",27,"Male","NDD",1.81,90,27.5,5.7,"2, 23","44, 49","4, 4","5, 7",NA,"4, 4","53, 53","7, 8","3, 3","02;01, 02;01","1, 1",NA,"0","0","Positive","None","None",95,1.14,36.17,0.48,20,74316,2688.35
"R425","SAMN24925207",36,"Female","NDD",1.78,80,25.2,5.3,"1, 11","8, 27","6, 4",NA,"1, 7","1, 17","52","2, 5","1, 5","1, 04;01","1, 2",NA,"0","0","Negative","None","None",79,1.03,18.22,1.43,19,103032,1877.49
"R426","SAMN25042813",33,"Female","NDD",1.68,90,31.9,5.4,"1, 2","8, 51","4, 6",NA,"7, 14","17, 7","52, 53","2, 2","2, 5","04;01, 04;02","1, 1",NA,"0","0","Positive","None","None",95,0.9,15.16,1.69,81,326595,4950.8
"R427","SAMN25221445",52,"Male","MAID",1.75,109.5,35.8,5.8,"1, 23","8, 50","6, 46",NA,"4, 7","17, 13","52","2, 7","5, 5","1, 04;02","1, 2",NA,"0","0","Negative","None","Pre.T2D",88,0.66,41,4.18,27,234733,9624.02
"R428","SAMN25245924",74,"Female","NDD",1.56,74.8,30.7,4.3,"3, 26","65, 38","4, 6",NA,"8, 12","13, 13","52, 52","1, 3","1, 1","02;01, 05;01","1, 2",NA,"0","0","Negative","None","None",76,1.13,17.62,1.21,21.5,112222,1977.62
"R430","SAMN25835750",49,"Male","NDD",1.81,80,24.4,4.8,"2, 31","7, 27","4, 6","10, 7",NA,"4, 15","53, 51","8, 6","1, 3","04;01, 04;01","1, 1",NA,"0","0","Positive","None","None",96,1.07,8.47,2.63,34,403456,3419.24
"R431","SAMN25936106",61,"Male","MAID",1.7,73,25.3,3.9,"2, 25","18, 51","6, 4",NA,"1, 7","4, 11","52, 53","7, 8","3, 5","02;01, 04;01","1, 1",NA,"0","0","Positive","None","None",41,0.38,36.96,0.23,18,9000,332.68
"R432","SAMN25936113",66,"Female","NDD",1.63,97,36.5,8.6,"2, 11","62, 55","6, 6",NA,"10, 9","1, 14","52","5, 5","1, 1","04;01, 04;02","1, -",NA,"0","1","Positive","Type2","Type2",104,0.68,27.14,2.26,40,121933,3309.02
"R433","SAMN26224023",44,"Female","NDD",1.63,86,32.4,6,"24, 34","8, 51","4, 6","7, 14",NA,"11, 13","52, 52","7, 6","1, 5","02;01, 5",NA,NA,"0","0","Negative","None","Pre.T2D",NA,NA,NA,NA,14,NA,0
"R434","SAMN26419385",50,"Female","NDD",1.75,74.2,24.2,5.7,"24, 30","13, 51","4, -",NA,"4, 6","4, 7","53, -","2, 8","2, 3","02;01, 04;01","1, 1",NA,"0","0","Negative","None","None",92,1.09,20.59,2.42,80,218314,4494.2
"R435","SAMN26419397",42,"Male","NDD",1.78,80,25.2,6,"2, 26","62, 55","6, 6","9, 9",NA,"11, 13","52, 52","7, 6","1, 5","04;01, 04;01","1, 1",NA,"0","0","Positive","None","Pre.T2D",19,0.62,38.99,1.34,58,48631,1895.9
"R436","SAMN26545721",57,"Female","MAID",1.62,104.3,39.7,3.7,"1, 1","8, 8","6, 6","7, 7",NA,"17, 17","52, 52","2, 2","5, 5","04;01, 04;01","1, 1",NA,"0","0","Negative","None","None",48,0.6,12.28,0.69,19.5,126178,1549.63
"R438","SAMN27023766",30,"Male","NDD",1.85,75.8,22.1,5.1,"3, 32","7, 18","4, 6","7, 7",NA,"1, 16","51","5, 5","1, 1","3, 04;02","1, 1",NA,"0","0","Negative","None","None",NA,NA,NA,NA,NA,NA,0
"R439","SAMN27023797",57,"Female","NDD",1.52,60,26,NA,"2, 26","62, 45","6, 6",NA,"10, 6","1, 4","53, -","8, 5","1, 3","02;01, 04;01","1, 1",NA,"0","0","Positive","None","None",66,1.03,2.72,0.49,29.5,210096,571.98
"R440","SAMN27289068",35,"Male","DCD",1.73,80,26.7,3.8,"2, 24","7, 41","4, 6","7, 17",NA,"1, 13","52","7, 5","1, 5","01;01, 03;01","1, 2",NA,"0","0","Positive","None","None",79,1.43,5.36,0.59,20,130000,696.25
"R441","SAMN27521605",31,"Male","NDD",1.83,117,34.9,5.7,"1, 3","65, 52","4, 6",NA,"8, 12","13, 15","52, 51","6, 6","1, 1","04;01, 10;01","1, 2",NA,"0","0","Negative","None","None",NA,NA,NA,NA,102,NA,0
"R442","SAMN27916061",53,"Female","DCD",1.52,29.6,12.8,5.7,"1, 24","8, 62","4, 6","1, 7",NA,"17, 8","52","2, 4","4, 5","04;01, 04;02","1, 1",NA,"0","0","Negative","None","None",87,0.59,17.85,3.02,35,153852,2745.81
"R443","SAMN28034084",25,"Female","NDD",1.68,65,23,5.1,"2, 3","7, 44","4, 6",NA,"7, 5","4, 15","53, 51","3, 6","3, 1","04;01, 04;01","1, 1",NA,"0","0","Positive","None","None",93,1.24,10.88,0.83,90.5,120675,1313.5
"R444","SAMN28455161",48,"Female","NDD",1.75,67.4,22,5.3,"1, 1","8, 8","6, -",NA,"7, 7","17, 17","52, -","2, 2","5, 5","1, 1","2, 2",NA,"0","0","Negative","None","None",70,1.35,30.87,4.88,105,111086,3429.59
"R445","SAMN28455257",33,"Male","NDD",1.83,81,24.2,5.6,"2, 3","38, 44","4, 4",NA,"5, 12","13, 13","52, 52","6, 6","1, 1","02;01, 35;01","1, 2",NA,"0","0","Positive","None","None",71,1.83,27.6,3,76.5,102336,2824.3
"R446","SAMN28569417",64,"Male","NDD",1.72,120.3,40.7,6.7,"1, 3","65, 44","6, 4",NA,"8, 16","13, 13","52, 52","6, 6","1, 1","04;01, 5","1, 2",NA,"0","0","Negative","None","Type2",40,0.6,4.28,0.19,19.5,126178,540.05
"R447","SAMN28870332",62,"Male","NDD",1.75,92.4,30.2,5.7,"3, 31","62, 27","4, 6",NA,"9, 1","4, 8","53","8, 4","3, 4","02:01; 04:02","1, 1",NA,"0","0","Negative","None","None",74,0.61,5.44,0.44,19.5,100830,548.66
"R448","SAMN29094695",61,"Female","DCD",1.46,77,36.1,5.8,"2, 24","35, 39","6, 4",NA,"4, 7","4, 4","53, -","8, 8","3, -","02;01, 14","1, 4",NA,"0","0","Positive","None","Pre.T2D",89,0.82,6.65,0.51,16,219195,1458.37
"R449","SAMN29152295",27,"Female","NDD",1.82,70.6,21.3,5.8,"2, 29","35, 44","4, 6",NA,"4, 16","8, 8",NA,"4, 4","4, 4","04;02, 04;01","1, 1",NA,"0","0","Positive","None","Pre.T2D",81,1.93,4.12,0.18,14,125550,516.78
"R450","SAMN29252117",65,"Female","NDD",1.63,58.3,21.9,4.3,"3, 26","60, 51","4, 6","10, 15",NA,"1, 4","53, -","8, 5","1, 3","02;01, 02;01","1, 2",NA,"0","0","Negative","None","None",74,0.89,3.51,0.35,30,201627,707.82
"R451","SAMN29829188",56,"Female","NDD",1.61,62.2,24,6,"2, 11","7, 35","4, 6",NA,"10, 4","01:03, 15","51","5, 6","1, 1","02;01, 04;01","1, 1",NA,"0","0","Positive","None","Pre.T2D",94,1.09,20.93,1.27,82.5,224100,4690.64
"R452","SAMN29829263",46,"Male","NDD",1.71,102,34.9,6.1,"2, 2","27, 51","4, 4",NA,"1, 7","3, 13","52","7, 6","5, 1","04;01, 04;02","1, 1",NA,"0","1","Positive","Type2","Type2",96,1.01,23.61,1.94,36,141419,3338.86
"R453","SAMN30101985",60,"Male","NDD",1.78,99.5,31.4,NA,"2, 2","7, 44","6, 4","5, 7",NA,"1, 15","51","5, 6","1, 1","1, 10","2, 2",NA,"0","0","Positive","None","None",67,0.55,9.15,0.37,36,154752,1416.35
"R454","SAMN30371375",66,"Male","NDD",1.73,88.7,29.6,NA,"3, 32","62, -","6, 4","9, -",NA,"13, 14","52, 52","7, 6","1, 5","02;01, 04;02","1, -",NA,"0","0","Negative","None","None",72,0.62,13.28,1.67,20,279661,3714.6
"R455","SAMN30438720",62,"Male","DCD",1.78,95.4,30.1,4.9,"2, 2","53, 78","4, 6",NA,"4, 4","1, 4","53, -","5, 7","1, 3","04;01, 04;01","1, 1",NA,"0","0","Positive","None","None",57,1,10.43,1.44,59.5,225695,2353.94
"R456","SAMN30597757",59,"Female","NDD",1.63,76.4,28.8,5,"2, 29","8, 35","6, 6",NA,"7, 12","17, 13","52, 52","2, 6","5, 10","10, 04;02","1, 2",NA,"0","0","Positive","None","None",74,0.56,27.06,3.8,39,204065,5522.3
"R457","SAMN30631345",16,"Male","NDD",1.88,76,21.5,NA,"23, 33","41, 35","4, 6","17, 4",NA,"13, 14","52, 52","7, 5","1, 5","04;01, 04;01","1, 1",NA,"0","0","Negative","None","None",59,0.83,27.7,2.51,13,213724,5919.21
"R458","SAMN31018333",51,"Female","NDD",1.65,97.5,35.8,5.6,"2, 66","62, 44","4, 6","10, 5",NA,"1, 4","53, -","8, 5","1, 3","02;01, 3","1, 1",NA,"0","0","Positive","None","None",51,0.58,67.34,1.96,67,67144,4521.62
"R459","SAMN41425672",30,"Female","NDD",1.73,66,22.1,6.1,"23, 68","15, 72","4, 6",NA,"2, 7","7, -","53, -","2, 2","2, -","3, 30","1, 2",NA,"0","0","Negative","None","Pre.T2D",NA,NA,NA,NA,NA,NA,0
"R460","SAMN41425673",22,"Female","NDD",1.72,56,18.9,5.4,"2, 25","18, 51","4, 6","12, 14",NA,"8, 15","51","4, 6","1, 4","3, 04;01","1, 1",NA,"0","0","Positive","None","None",NA,NA,NA,NA,NA,NA,0
"R461","SAMN31442104",61,"Male","NDD",1.86,109.4,31.6,4.3,"2, 3","7, 62","6, 6",NA,"10, 7","4, 4","53, 53","03(7), 03:02","3, 3","03:01, 04:01","1, 1",NA,"0","0","Positive","None","None",85,1.24,5.77,0.39,70,237037,1367.42
"R462","SAMN31442105",55,"Male","NDD",1.83,82.8,24.7,3.8,"11, 31","44, 57","4, 6",NA,"4, 6","7, 13","52, 53","2, 6","2, 1","04;01, 04;02","1, 1",NA,"0","0","Negative","None","None",32,0.81,7.03,0.24,22.5,101509,713.47
"R463","SAMN31532708",31,"Male","DCD",1.68,80,28.3,5.7,"2, 23","44, 55","4, 6",NA,"5, 6","15, 11","52, -","2, 7","5, -","04;01, 04;02","1, -",NA,"0","0","Positive","None","None",85,1.19,3.48,0.37,13,205798,715.45
"R464","SAMN31717214",60,"Male","NDD",1.91,101,27.7,5.3,"1, 32","8, 32","6, 4","7, 7",NA,"17, 8","52","2, 4","4, 5","3, 04;02","1, 1",NA,"0","0","Negative","None","None",111,0.96,2.6,0.33,56,206762,536.86
"R465","SAMN31759877",4,"Male","NDD",0.84,15,21.3,5.7,"3, 11","35, 38","4, 6",NA,"4, 12","1, 14","-, 52","5, 5","1, 1","04;01, 04;02","1, -",NA,"0","0","Negative","None","None",NA,NA,NA,NA,24,NA,0
"R466","SAMN31838717",49,"Female","NDD",1.65,70,25.7,NA,"2, 3","7, 51","4, 6",NA,"1, 7","14, 15","52","5, 5","1, 1","02;01, 04;01","1, 1",NA,"0","0","Positive","None","None",125,0.6,8.32,0.2,37,50778,422.46
"R467","SAMN41425674",65,"Female","NDD",1.66,49.7,18,6.2,"24, 26","18, 51","4, 6",NA,"5, 14","17, 31","52, 52","2, 6","5, 1","04;01, -","1, 1",NA,"0","0","Negative","None","Pre.T2D",NA,NA,NA,NA,NA,0,0
"R468","SAMN31896841",66,"Female","NDD",1.59,69.2,27.4,5.4,"2, 2","13, 50","4, 6",NA,"6, 6","7, 7","53, -","2, 2","02, 02","02, 01, 03;01","01, 01",NA,"0","0","Positive","None","None",80,0.63,7.03,0.89,39,352794,2481.03
"R469","SAMN32062044",59,"Male","NDD",1.67,87.9,31.5,3.5,"29, 30","42, 58","4, 6",NA,"7, 17","18, 4","52, 53","8, 4","03, 04","01,01; 01;02","01, 02",NA,"0","0","Negative","None","None",78,0.74,7.99,1.01,57.5,270633,2161.36
"R470","SAMN32316096",56,"Female","NDD",1.74,98.7,32.6,6.6,"1, 2","37, 28","4, 4",NA,"2, 12","17, 16","52, 51","2, 5","1, 5","03:01, 04:01","1, 1",NA,"0","0","Positive","None","Type2",87,1.3,5.69,0.65,21,277252,1576.56
"R471","SAMN32755667",67,"Female","NDD",1.55,54.9,22.9,5.7,"2, -","44, 51","4, -",NA,"1, 5","1, 4","53, -","8, 5","1, 3","02;01. 04;01","01;03, -",NA,"0","0","Positive","None","None",71,0.64,3.04,0.45,88,113276,344.12
"R472","SAMN33456512",49,"Male","NDD",1.73,61,20.4,6.6,"2, 24","39, 55","6, 6",NA,"1, 1","13, 15","52, 51","6, 6","1, 1",NA,"1, 2",NA,"0","0","Positive","None","Type2",85,0.5,14.47,0.93,41,57066,825.77
"R473","SAMN33456514",34,"Female","NDD",1.75,74.5,24.3,4.9,"2, 30","7, 13","4, 6",NA,"6, 7","7, 11","52, 53","2, 7","2, 5","04;02, 04;02","1, 1",NA,"0","0","Positive","None","None",65,0.92,37.55,1.57,65,75351,2829.43
"R474","SAMN33456515",48,"Male","NDD",1.9,90,24.9,5.8,"1, 11","7, 37","4, 6",NA,"7, 6","1, 14","52, -","5, 5","1, 1","04;02, 9","1, 2",NA,"0","0","Negative","None","Pre.T2D",100,1.51,8.31,0.5,58.5,237577,1973.85
"R475","SAMN33552104",51,"Female","NDD",1.71,92.4,31.6,4.6,"11, 33","65, 35","6, 6",NA,"8, 12","1, 14","52, -","5, 5","1, 1","03:01, 05:01","1, 2",NA,"0","0","Negative","None","None",64,0.56,17.37,0.61,21,180867,3142.48
"R476","SAMN33593337",33,"Male","NDD",1.97,120.1,30.9,NA,"24, 66","44, 44","4, 4","4, 4",NA,"7, 16","53, -","2, 5","1, 2","10, 13","1, 2",NA,"0","0","Negative","None","None",80,0.99,10.48,0.6,60,76349,799.77
"R477","SAMN33769286",45,"Female","DCD",1.6,82.2,32.1,5.9,"2, 33","7, 65","6, 6",NA,"7, 8","1, 15",NA,"5, 6","1, 1","04:01:01:01","1, 2",NA,"0","0","Positive","None","Pre.T2D",91,0.56,6.79,0.31,16,95735,649.96
"R478","SAMN41425675",48,"Female","NDD",1.6,75,29.3,5.9,"2, 2","35, 37","4, 6",NA,"4, 6","1, 7","53","3, 5","1, 2","04;01, 04;02","1, 1",NA,"0","1","Positive","Type2","Type2",NA,NA,NA,NA,NA,0,0
"R479","SAMN34076412",51,"Male","NDD",1.83,89.5,26.7,5.3,"2, 3","18, 51","4, 6",NA,"9, 5",NA,"17, 9","2, 3","3, 5","01;01, 10;01","1, 2",NA,"0","0","Positive","None","None",67,0.87,13.48,0.39,16,83783,1129.66
"R480","SAMN34076484",54,"Female","NDD",1.72,81.5,27.5,5.8,"2, 24","44, 51","4, 4",NA,"7, 8","4, 13","52, 53","4, 6","1, 3","04:01, 04:01","1, 1",NA,"0","0","Positive","None","Pre.T2D",74,1.16,1.7,0.35,8,354032,601.32
"R481","SAMN34191877",73,"Female","NDD",1.62,58,22.1,NA,"11, 29","60, -","6, -",NA,"10, -","4, 13","52, 53","03;02, 06","1, 3","02;01, 03;01","01;03, -",NA,"0","0","Negative","None","None",81,0.74,3.08,0.17,17,166960,513.68
"R482","SAMN34417830",72,"Male","MAID",1.7,87,30.1,NA,"2, 2","7, 62","6, 6",NA,"10, 7","4, 15","53, 51","8, 6","1, 3","04:01:01:01","1, 1",NA,"0","0","Positive","None","None",87,0.82,5.79,0.55,42,294833,1707.04
"R483","SAMN34417851",36,"Male","NDD",1.9,120,33.2,NA,"1, 29","7, 44","4, 6",NA,"7, 16","7, 13","52, 53","2, 6","2, 1","04;01, -","1, -",NA,"0","0","Negative","None","None",64,0.65,4.29,0.38,17,534164,2289.17
"R484","SAMN34417852",33,"Male","NDD",1.76,68,22,5.4,"2, 23","27, 49","4, -",NA,"1, 7","7, 03:01","52, 53","2, -","02;01, 5","03:01P, 11:01","01:03, 02:01",NA,"0","0","Positive","None","None",60,0.63,2.72,0.27,38,174038,472.55
"R485","SAMN34417853",41,"Male","NDD",1.9,149.5,41.4,6.1,"3, 24","44, 51","4, 4",NA,"1, 5","1, 12","52, -",NA,"1, 5","3, 5","1, 1",NA,"0","0","Negative","None","Pre.T2D",84,2.26,2.7,0.41,87.5,457252,1234.27
"R486","SAMN34997905",40,"Male","DCD",1.72,90,30.4,5.4,"2, 24","39, 44","4, 6",NA,"2, 12","1, 7","53","2, 5","1, 2","02;01, 13;01","1, 2",NA,"0","0","Positive","None","None",61,0.68,4.3,0.47,40,218440,938.71
"R487","SAMN35085367",51,"Male","MAID",1.88,110.4,31.2,NA,"2, 25","8, 18","6, 6",NA,"7, 12","17, 11","52, 52","2, 7","5, 5","02: 01, 02:01","1, 1",NA,"0","0","Positive","None","None",75,0.52,12.27,1.92,87,390187,4786.89
"R488","SAMN35085369",32,"Male","NDD",1.86,74,21.4,5,"3, 23","7, 44","4, 6",NA,"4, 7","7, 15","53, 51","2, 6","1, 2","04;01, 04;01","1, 1",NA,"0","0","Negative","None","None",74,0.68,5.47,0.42,39,140261,766.7
"R489","SAMN35334144",36,"Female","NDD",1.69,71.7,25.1,5.2,"68, 68","35, 53","4, 6",NA,"4, 4","4, 13","52, 52","8, 6","3, 1","3, 04;02","1, 1",NA,"0","0","Negative","None","None",111,1.15,4.04,0.72,60,292293,1179.79
"R490","SAMN35361271",39,"Male","DCD",1.7,81.6,28.2,5.3,"2, 24","7, 51","4, 6","7, 15",NA,"11, 12","52, 52","7, 7","5, 5","02;01, 04;01","1, 1",NA,"0","0","Positive","None","None",84,1.3,1.8,0.25,8.5,285176,512.02
"R491","SAMN35795153",56,"Male","NDD",1.78,95,30,5.2,"1, 3","8, 35","6, 6",NA,"4, 7","1, 4","53","8, 5","1, 3","04;01, 01;01","1, 1",NA,"0","0","Negative","None","None",86,0.8,3.43,0.28,38.5,278670,955.93
"R492","SAMN35795154",68,"Male","MAID",1.85,72.6,21.2,5.2,"3, 29","62, 44","4, 6","7, 16",NA,"7, 11","52, 53","2, 7","2, 5","04;01, 04;01","1, 1",NA,"0","0","Negative","None","None",51,0.5,7,0.35,11,105850,741.18
"R493","SAMN41425676",70,"Male","NDD",1.72,80.1,27.1,5.1,"1, 11","44, 57","4, 4",NA,"5, 6","13, 13","52, -","6, 6","1, 1","02;01, 02;01","1, 1",NA,"0","0","Negative","None","None",NA,NA,NA,NA,NA,NA,0
"R494","SAMN41425677",15,"Female","DCD",1.69,56.7,19.9,5,"3, 68","7, 53","4, 6",NA,"4, 7","14, 17","52, 51","5, 6","1, 1","04:01, -","01:03, -",NA,"0","0","Negative","None","None",NA,NA,NA,NA,NA,NA,0
"R495","SAMN35795155",50,"Male","NDD",1.64,91,33.8,5.8,"3, 68","65, 35","6, 6",NA,"10, 8","1, 4","53, -","8, 5","1, 3","04:01, 04:02","1, 1",NA,"0","0","Negative","None","Pre.T2D",60,1.11,4.28,0.23,32,257362,1101.25
"R496","SAMN35985448",68,"Female","NDD",1.67,62.1,22.3,5.6,"1, 3","7, 8",NA,"7, 7",NA,"15, 15","51, 51","6, 6","1, 1","04;01, 04;01","1, 1",NA,"0","0","Negative","None","None",92,0.7,3.41,0.48,82,328878,1121.78
"R497","SAMN41425678",30,"Male","DCD",1.85,106.1,31,5.4,"33, 68","7, 57",NA,"10, 6",NA,"7, 7","-, -","9, 9","2, 2","04;01, 04;01","1, 1",NA,"0","0","Negative","None","None",NA,NA,NA,NA,NA,NA,0
"R498","SAMN36458803",49,"Female","NDD",1.67,79.5,28.5,5.2,"2, 32","44, 44","4, 4",NA,"5, 16","7, 16","53, 51","2, 5","1, 2","02;01, 02;01","1, 2",NA,"0","0","Positive","None","None",60,0.76,6.97,0.49,32,125643,875.77
"R499","SAMN36458809",70,"Female","NDD",1.7,61,21.1,5.3,NA,NA,NA,NA,NA,NA,NA,NA,NA,NA,NA,NA,"0","0",NA,"None","None",115,0.61,13.64,0.59,11,104073,1419.13
"R500","SAMN41425679",59,"Male","DCD",2.04,129.7,31.2,5.3,NA,NA,NA,NA,NA,NA,NA,NA,NA,NA,NA,NA,"0","0",NA,"None","None",NA,NA,NA,NA,0,0,0
"R501","SAMN36458820",28,"Male","NDD",1.75,73.1,23.9,4.7,"1, 32","8, 63","4, 6","7, 7",NA,"17, 13","52","2, 6","1, 5","04:01, 13","1, 2",NA,"0","0","Negative","None","None",111,1.13,9.38,1.16,83,159798,1498.44
"R502","SAMN36704562",52,"Male","NDD",1.88,101.3,28.7,5.2,"2, 2","7, 44","4, 6","5, 7",NA,"4, 7","53, 53","2, 7","2, 3","02;01, 04;01","1, 1",NA,"0","0","Positive","None","None",73,0.83,5.09,0.25,20,95155,484.24
"R503","SAMN36908935",56,"Male","NDD",1.75,78.9,25.8,9.1,"11, 68","7, 60",NA,"10, 7",NA,"4, 4","53, 53","7, 7","3, 3","03:01, 03:01","1, 1",NA,"0","1","Negative","Type2","Type2",117,0.63,8.91,0.66,36,122971,1096.2
"R504","SAMN37217049",21,"Male","NDD",1.85,92,26.9,5.8,"1, 30","7, 63","4, 6",NA,"5, 7","9, 15","53, 51","2, 6","1, 3","01:01. 02:01","1, 2",NA,"0","0","Negative","None","Pre.T2D",109,1.72,2.07,0.27,87,412796,855.88
"R505","SAMN37217050",53,"Female","DCD",1.73,99,33.1,5.4,"1, 23","63, 50","4, 6",NA,"6, 7","7, 13","52, 53","2, 7","2, 5","13:01, 01:01","1, 2",NA,"0","0","Negative","None","None",134,0.67,2.36,0.22,21.5,251132,592.1
"R506","SAMN37217101",66,"Male","NDD",1.71,94.6,32.4,7.6,"2, 31","49, 50","4, 6",NA,"7, 6","4, 7","53, -","8, 2","3, 2","03:01, 03:01","1, 1",NA,"0","1","Positive","Type2","Type2",63,1.36,2.3,0.26,10,279770,643.67
"R507","SAMN37283209",59,"Female","NDD",1.57,49,19.9,5.3,"11,11","13, 46","4, 6",NA,"1, 7","9, 9","53, -","9, 9","1, 3","02,01; 02;01","1, 2",NA,"0","0","Negative","None","None",79,1.15,3.61,0.32,40,190595,687.68
"R508","SAMN37380040",66,"Female","NDD",1.6,76.9,30,5.9,"2, 33","44, 55","4, 6",NA,"9, 14","9, 12","52, 53","7, 9","3, 5","2, 5","1, 2",NA,"0","0","Positive","None","Pre.T2D",92,0.55,3.76,0.17,16,181565,682.87
"R509","SAMN37435001",53,"Male","NDD",1.82,66.5,20.1,5.8,"11, 32","51, 55","4, 6",NA,"9, 14","4, 11","52, 53","7, 7","3, 5","04:01; 01:01","1, 1",NA,"0","0","Negative","None","Pre.T2D",97,0.69,6.24,0.5,11,217141,1354.34
"R510","SAMN37797113",53,"Female","NDD",1.73,63.7,21.3,5.9,"2, 3","35, 44","4, 6","4, 5",NA,"4, 11","52, 53","7, 7","3, 5","3, 04;02","1, 1",NA,"0","0","Positive","None","Pre.T2D",75,1.01,11.37,1.93,55,108402,1232.26
"R511","SAMN37844676",47,"Female","NDD",1.58,48,19.2,5.9,"1, 11","8, 13","4, 6",NA,"6, 7","7, 13","52, 53","2, 6","1, 2","04;02, -","01, -",NA,"0","0","Negative","None","Pre.T2D",136,1.37,8.48,1.52,91.5,332947,2822.16
"R512","SAMN37844810",63,"Male","NDD",1.65,94.5,34.7,5.9,"24, 68","62, 62","6, 6","10, 9",NA,"4, 14","52, 53","7, 8","3, 5","04;01, 01;01","1, 1",NA,"0","0","Negative","None","Pre.T2D",46,0.72,13.97,0.89,36,147477,2060.58
"R513","SAMN37855853",62,"Female","DCD",1.63,70.2,26.4,5.3,"3, 68","35, 39","6, 6","7, 12",NA,"1, 13","52, -","5, 6","1, 1","04:01, 04:01","1, 1",NA,"0","0","Negative","None","None",75,0.81,22.74,1.33,15,59169,1345.29
"R514","SAMN37927922",57,"Male","NDD",1.73,80,26.7,NA,"1, 3","62, 52","4, 6",NA,"10, 12","1, 15","51, -","5, 6","1, 1","02:01; 02:01","1, 1",NA,"0","0","Negative","None","None",62,0.71,9.57,0.73,64,165284,1582.57
"R515","SAMN38060115",28,"Male","NDD",1.83,87.3,26.1,NA,"2, 2","7, 8","6, 6","7, 7",NA,"0103, 17","52, -","2, 5","1, 5","1, 04;02","2, 2",NA,"0","0","Positive","None","None",73,0.96,5.25,0.77,17,291758,1532.15
"R516","SAMN38071017",7,"Female","NDD",1.3,26,15.4,5.5,"2, 24","39, 55","6, 6",NA,"9, 7","4, 8","53, -","7, 8","03, 06","04:01:01:01","01, 02",NA,"0","0","Positive","None","None",96,0.19,24.77,1.75,16,14519,359.58
"R517","SAMN38143287",41,"Female","DCD",1.59,69.1,27.3,5.7,"3, 24","13, 35","4, 6",NA,"10, 4","15, 15","51, -","5, 6","1, 1","05:01; 01:01","2, 2",NA,"0","0","Negative","None","None",55,0.59,9.04,1.88,15.5,123584,1116.95
"R518","SAMN38247650",52,"Male","NDD",1.75,78.4,25.6,5.6,"11,11","35, 44","4, 6",NA,"4, 5","1, 11","52, -","7, 5","1, 5","02,01; 02;01","1, 1",NA,"0","0","Negative","None","None",62,0.56,8.48,1.51,65,259746,2203.83
"R519","SAMN38265186",58,"Male","NDD",1.74,76.4,25.2,5.5,"2, 32","62, 55","6, 6",NA,"9, 9","17, 11","52, 52","2, 7","5, 5","01,03; 01;01","1, 1",NA,"0","0","Positive","None","None",65,1.25,12.1,0.89,15,80932,979.49
"R520","SAMN38346265",26,"Male","NDD",1.76,92.7,29.9,5.3,"1, 30","8, 45","6, 6",NA,"7, 16","17, 11","52, 52","2, 7","5, 5","04;01, 01;01","1, 2",NA,"0","0","Negative","None","None",66,0.36,4.4,0.21,20,43750,192.43
"R521","SAMN38637296",29,"Female","NDD",1.76,95.9,31,5.1,"24, 24","7, 51","4, 6","7, 15",NA,"1, 11","52, -","7, 5","1, 5","02;01, 04;01","1, 1",NA,"0","0","Negative","None","None",92,1.17,5.74,0.26,55,141450,811.56
"R522","SAMN38760239",56,"Male","NDD",1.85,100.6,29.4,5,"1, 11","8, 60","6, 6","10, 7",NA,"17, 4","52, -","2, 8","3, 5","04:01, 6","1, 1",NA,"0","0","Negative","None","None",78,0.99,4.04,0.61,68.3,300286,1211.74
"R523","SAMN38809984",59,"Male","DCD",1.83,78.4,23.4,5.5,"2, 24","62, 18","6, 6",NA,"9, 7","11, 13","52, 52","6, 7","1, 5","04;01, 04;02","1, 1",NA,"0","0","Positive","None","None",83,0.55,9.99,0.9,11,108668,1085.46
"R524","SAMN38881777",68,"Male","NDD",1.87,85.3,24.4,5.5,"2, 24","62, 57","4, 6",NA,"9, 6","11, 13","52, -","7, 6","1, 5","02;01, 04;01","1, 1",NA,"0","0","Positive","None","None",96,1.21,4.55,0.21,37,126175,573.62
"R525","SAMN39443592",51,"Female","DCD",1.63,127,47.8,6.5,"1, 31","8, 51","4, 6",NA,"7, 15","1, 17","52","2, 5","1, 5","01,01; 01;02","1, 2",NA,"0","0","Negative","None","None",57,0.6,9.73,0.76,65,92996,904.63
"R526","SAMN39529852",38,"Female","DCD",1.55,87.6,36.5,6.1,"24, 30","39, 42","6, 6",NA,"7, 17","13, 14","52","7, 7","5, 5","04:01, 01:01","1, 1",NA,"0","0","Negative","None","Pre.T2D",59,0.91,2.84,0.15,35,113937,323.38
"R527","SAMN39830523",29,"Female","NDD",1.76,67.6,21.8,5,"3, 11","7, 39","4, 6",NA,"7, 7","7, 15","52, -","9, 6","2, 1","0401; 0402","1, 1",NA,"0","0","Negative","None","None",NA,NA,NA,NA,0,0,0
"R528","SAMN39855182",53,"Male","NDD",1.67,96.2,34.5,5.4,"2, 2","75, 44","4, 6",NA,"9, 4","7, 14","52, 53","2, 5","1, 2","02;01, 04;01","1, 2",NA,"0","0","Positive","None","None",78,1.09,6.92,0.54,12,363925,2518.98
"R529","SAMN39996136",71,"Male","DCD",1.77,78.7,25.1,5.5,"2, 3","62, 60","6, 6","3, 3","10, 9","13, 16","52, 51","2, 5","1, 5","02;01, 02;01","1, 1",NA,"0","0","Positive","None","None",NA,NA,NA,NA,0,0,0
"R530","SAMN39996137",30,"Male","DCD",1.85,81.8,23.9,5.3,"2, 68","41, 57","4, 6",NA,"6, 17","13, 15","52, 51","7, 6","1, 5","04;01, 3","1, 1",NA,"0","0","Positive","None","None",117,1,10.21,0.41,115,74627,761.6
"R532","SAMN40137906",28,"Female","DCD",1.65,66.2,24.3,5.5,"2, 33","44, 58",NA,"10, 5",NA,"4, 17","52, 53","2, 7","3, 5","04;01, 04;02","1, 1",NA,"0","0","Positive","None","None",40,0.45,22.96,1.89,93,116482,2674.15
"R533","SAMN40251710",65,"Female","NDD",1.61,84.4,32.6,5.7,"11, 68","35, 44","4, 6",NA,"4, 7","1, 11","52, -","5, 7","1, 5","04;01, 04;02","1, 1",NA,"0","0","Negative","None","None",70,0.81,25.15,1.72,84,162162,4077.75
"R534","SAMN40251713",65,"Male","DCD",1.76,80.4,26,5.7,"1, 3","8, 39","6, 6",NA,"7, 7","1, 11","52","7, 5","1, 1","04;01, 01;01","1, 1",NA,"0","0","Negative","None","None",86,0.33,NA,NA,63,51405,NA
"R535","SAMN40264500",27,"Male","NDD",1.85,85,24.8,5.1,"2, 11","35, 57","4, 6",NA,"4, 6","1, 7","53, -","9, 5","2, 1","3, 04;01","1, 1",NA,"0","0","Positive","None","None",62,0.87,NA,NA,34,126848,NA
"R536","SAMN40438893",37,"Male","NDD",1.9,101.8,28.2,5.2,"2, 3","7, 44","4, 6",NA,"7, 5","8, 13","52, -","4","4, 1","3, 04;01","1, 1",NA,"0","0","Positive","None","None",65,0.67,NA,NA,19,106720,NA
"R537","SAMN40553672",18,"Female","NDD",1.71,109,37.3,5.5,"2, 23","35, 44","6, 4",NA,"4, 4","1, 7","53, -","2, 5","1, 2","02;01. 04;01","1, 1",NA,"0","0","Positive","None","None",96,1.12,NA,NA,29,198909,NA
"R538","SAMN40723343",61,"Male","DCD",1.82,109,32.9,5.5,"2, 3","62, 44","4, 6",NA,"9, 5","4, 13","52, 53","8, 6","1, 3","03:01, 01:01","1, 2",NA,"0","0","Positive","None","None",83,1.35,NA,NA,70,255118,NA
"R540","SAMN40914715",54,"Male","NDD",1.78,89,28.1,5.4,"29, 29","44, 44","4, 4",NA,"16, 16","7, 8","53, -","2, 4","2, 4","1, 04;01","1, 2",NA,"0","0","Negative","None","None",73,1.46,NA,NA,18,104802,NA
"R541","SAMN41042411",66,"Female","DCD",1.62,69.2,26.4,6.1,"2, 11","52, 57","4, 4",NA,"6, 12","7, 14","52, -","9, 5","1, 2","04;02, 6","1, 1",NA,"0","0","Positive","None","Pre.T2D",57,1.49,NA,NA,57.5,164892,NA
"R542","SAMN41042414",52,"Female","NDD",1.5,52,23.1,4.2,"2, 32","7, 35","4, 6",NA,"4, 7",NA,"1, 15","5, 6","1, 1","04:01, 04:01","1, 1","DR51","0","0","Positive","None","None",83,0.78,NA,NA,17,214153,NA
"R543","SAMN41162359",54,"Female","DCD",1.65,55.1,20.2,5.4,"1, 2","8,44","4, 6",NA,"5, 7","17, 4","52, 53","2, 8","3, 5","02:01; 02:01","1, 1",NA,"0","0","Positive","None","None",109,0.71,NA,NA,16,124727,NA
"R544",NA,41,"Male","DCD",1.84,87,25.7,5.5,"2, 3","7, 41","6",NA,"7, 17",NA,"4, 7","8, 9","3, 2","02:01, 14","1, 2","DR53","0","0","Positive","None","None",NA,NA,NA,NA,NA,NA,NA
"R545","SAMN41474383",51,"Female","NDD",1.68,63.8,22.6,9.6,NA,NA,NA,NA,NA,NA,NA,NA,NA,NA,NA,NA,"0","0",NA,"None","Type2",NA,NA,NA,NA,NA,NA,NA
"R546","SAMN41474382",42,"Female","NDD",1.79,95.3,29.7,5.9,"2, 3","51, 57","4, 6",NA,"6, 14","7, 15","52, -","3, 6","1, 2","04:01, 13:01","1, 2",NA,"0","0","Positive","None","Pre.T2D",80,0.92,NA,NA,64,144781,NA
"R547","SAMN41656878",62,"Female","MAID",1.65,74.8,27.5,4.2,"3, 26","7, 7","6, 6",NA,"7, 7","15, 15","51, 51","6, 6","1, 1","02;01, 3","1, 1",NA,"0","0","Negative","None","None",95,0.63,NA,NA,13,96941,NA
